best_epoch,epochs_trained,stopped_early,val_auc_best,total_train_time_sec,params_total,params_trainable,n_train,n_val,n_test,n_samples,n_positive,n_negative,threshold_used,test_accuracy,test_precision,test_recall,test_specificity,test_npv,test_f1,test_mcc,test_fpr,test_fnr,test_auc_roc,test_auc_roc_ci_low,test_auc_roc_ci_high,test_auc_pr,test_nll,test_brier,test_tp,test_fp,test_tn,test_fn,youden_threshold,youden_accuracy,youden_sensitivity,youden_specificity,youden_f1,op_threshold_at_sens,op_target_sensitivity,op_specificity_at_target,op_f1_at_target,arch,preprocessing,skipped,resume_from
14,15,False,0.9384,359.4,24066498,24066498,2560,640,640,640,72,568,0.5,0.7625,0.3148,0.9444,0.7394,0.9906,0.4722,0.457,0.2606,0.0556,0.8807,0.8538,0.9055,0.3346,0.7469,0.1898,68,148,420,4,0.3217,0.7516,1.0,0.7201,0.4752,0.4768,0.95,0.7394,0.4775,resnet50,srad_nopad,False,results/ablation_nopad/checkpoints/srad_nopad/resnet50/best.pt
14,15,False,0.9487,73.0,24066498,24066498,2560,640,640,640,72,568,0.5,0.7844,0.3398,0.9722,0.7606,0.9954,0.5036,0.4956,0.2394,0.0278,0.879,0.8513,0.9045,0.3336,0.5737,0.1695,70,136,432,2,0.5622,0.7875,0.9722,0.7641,0.5072,0.6422,0.95,0.7764,0.5149,resnet50,gauss_nopad,True,
15,15,False,0.9476,361.3,43058626,43058626,2560,640,640,640,72,568,0.5,0.7266,0.2898,0.9861,0.6937,0.9975,0.4479,0.4419,0.3063,0.0139,0.8845,0.8553,0.9121,0.4269,0.6949,0.2074,71,174,394,1,0.6549,0.775,0.9583,0.7518,0.4894,0.6549,0.95,0.7518,0.4894,resnet101,srad_nopad,False,results/ablation_nopad/checkpoints/srad_nopad/resnet101/best.pt
15,15,False,0.9483,105.7,43058626,43058626,2560,640,640,640,72,568,0.5,0.7578,0.3122,0.9583,0.7324,0.9928,0.471,0.459,0.2676,0.0417,0.8982,0.8712,0.922,0.4072,0.7168,0.1957,69,152,416,3,0.7915,0.8156,0.9444,0.7993,0.5354,0.6305,0.95,0.7553,0.4929,resnet101,gauss_nopad,False,results/ablation_nopad/checkpoints/gauss_nopad/resnet101/best.pt
8,13,True,0.9496,305.1,7250178,7250178,2560,640,640,640,72,568,0.5,0.7969,0.3505,0.9444,0.7782,0.991,0.5113,0.4968,0.2218,0.0556,0.8884,0.8617,0.913,0.3605,0.667,0.1773,68,126,442,4,0.7957,0.8266,0.9306,0.8134,0.5469,0.4962,0.95,0.7782,0.5169,densenet121,srad_nopad,False,results/ablation_nopad/checkpoints/srad_nopad/densenet121/best.pt
3,8,True,0.9522,43.4,7250178,7250178,2560,640,640,640,72,568,0.5,0.7422,0.3038,1.0,0.7095,1.0,0.466,0.4643,0.2905,0.0,0.908,0.884,0.9313,0.4727,0.8308,0.2151,72,165,403,0,0.8684,0.8094,0.9583,0.7905,0.5308,0.8684,0.95,0.7905,0.5308,densenet121,gauss_nopad,False,results/ablation_nopad/checkpoints/gauss_nopad/densenet121/best.pt
7,12,True,0.9483,283.9,12944642,12944642,2560,640,640,640,72,568,0.5,0.7812,0.3396,1.0,0.7535,1.0,0.507,0.5059,0.2465,0.0,0.9092,0.8852,0.931,0.4566,0.8151,0.1964,72,140,428,0,0.8465,0.825,0.9722,0.8063,0.5556,0.8918,0.95,0.8099,0.5542,densenet169,srad_nopad,False,results/ablation_nopad/checkpoints/srad_nopad/densenet169/best.pt
4,9,True,0.9563,59.4,12944642,12944642,2560,640,640,640,72,568,0.5,0.8219,0.3859,0.9861,0.8011,0.9978,0.5547,0.5496,0.1989,0.0139,0.9251,0.9023,0.9458,0.5168,0.5883,0.1575,71,113,455,1,0.557,0.825,0.9861,0.8046,0.5591,0.6775,0.95,0.8187,0.5656,densenet169,gauss_nopad,False,results/ablation_nopad/checkpoints/gauss_nopad/densenet169/best.pt
13,15,False,0.9464,358.1,4369406,4369406,2560,640,640,640,72,568,0.5,0.8141,0.3757,0.9861,0.7923,0.9978,0.5441,0.5391,0.2077,0.0139,0.9234,0.9004,0.9441,0.4434,0.6432,0.1642,71,118,450,1,0.5612,0.8187,0.9861,0.7975,0.5504,0.7886,0.95,0.8239,0.5726,efficientnet_b0,srad_nopad,False,results/ablation_nopad/checkpoints/srad_nopad/efficientnet_b0/best.pt
13,15,False,0.9487,57.2,4369406,4369406,2560,640,640,640,72,568,0.5,0.7891,0.3463,0.9861,0.7641,0.9977,0.5126,0.508,0.2359,0.0139,0.9338,0.9125,0.9528,0.5881,0.5913,0.1681,71,134,434,1,0.8749,0.8688,0.9583,0.8574,0.6216,0.8749,0.95,0.8574,0.6216,efficientnet_b0,gauss_nopad,False,results/ablation_nopad/checkpoints/gauss_nopad/efficientnet_b0/best.pt
4,9,True,0.9595,217.1,28050914,28050914,2560,640,640,640,72,568,0.5,0.7984,0.3568,0.9861,0.7746,0.9977,0.524,0.5193,0.2254,0.0139,0.9545,0.936,0.9703,0.696,0.7017,0.1807,71,128,440,1,0.9746,0.8844,0.9306,0.8785,0.6442,0.8758,0.95,0.8099,0.5542,convnext_tiny,srad_nopad,False,results/ablation_nopad/checkpoints/srad_nopad/convnext_tiny/best.pt
2,7,True,0.9705,39.2,28050914,28050914,2560,640,640,640,72,568,0.5,0.7422,0.3038,1.0,0.7095,1.0,0.466,0.4643,0.2905,0.0,0.9409,0.9192,0.9587,0.6045,1.1254,0.2275,72,165,403,0,0.9935,0.8672,0.9444,0.8574,0.6154,0.9845,0.95,0.8239,0.5726,convnext_tiny,gauss_nopad,False,results/ablation_nopad/checkpoints/gauss_nopad/convnext_tiny/best.pt
11,15,False,0.9534,356.2,4563890,4563890,2560,640,640,640,72,568,0.5,0.8125,0.3723,0.9722,0.7923,0.9956,0.5385,0.5303,0.2077,0.0278,0.9361,0.9148,0.9555,0.6087,0.5133,0.1515,70,118,450,2,0.7725,0.85,0.9444,0.838,0.5862,0.5513,0.95,0.794,0.5349,mobilenetv3_large,srad_nopad,False,results/ablation_nopad/checkpoints/srad_nopad/mobilenetv3_large/best.pt
15,15,False,0.9437,47.7,4563890,4563890,2560,640,640,640,72,568,0.5,0.8016,0.359,0.9722,0.7799,0.9955,0.5243,0.5164,0.2201,0.0278,0.9122,0.8877,0.933,0.4472,0.5421,0.1549,70,125,443,2,0.6397,0.8266,0.9583,0.8099,0.5542,0.6397,0.95,0.8099,0.5542,mobilenetv3_large,gauss_nopad,False,results/ablation_nopad/checkpoints/gauss_nopad/mobilenetv3_large/best.pt
7,12,True,0.9655,296.8,86029442,86029442,2560,640,640,640,72,568,0.5,0.8141,0.377,1.0,0.7905,1.0,0.5475,0.5459,0.2095,0.0,0.9555,0.9375,0.9706,0.7215,0.8369,0.1754,72,119,449,0,0.9196,0.8375,0.9861,0.8187,0.5772,0.9765,0.95,0.838,0.5923,vit_base,srad_nopad,False,results/ablation_nopad/checkpoints/srad_nopad/vit_base/best.pt
4,9,True,0.9643,91.6,86029442,86029442,2560,640,640,640,72,568,0.5,0.7875,0.3462,1.0,0.7606,1.0,0.5143,0.5131,0.2394,0.0,0.9555,0.9388,0.9698,0.7263,0.7375,0.1866,72,136,432,0,0.9718,0.8828,0.9583,0.8732,0.6479,0.9718,0.95,0.8732,0.6479,vit_base,gauss_nopad,False,results/ablation_nopad/checkpoints/gauss_nopad/vit_base/best.pt
3,8,True,0.9608,195.2,27750140,27750140,2560,640,640,640,72,568,0.5,0.7406,0.3008,0.9861,0.7095,0.9975,0.461,0.4556,0.2905,0.0139,0.946,0.9256,0.9638,0.677,1.0042,0.2325,71,165,403,1,0.9831,0.8547,0.9444,0.8433,0.5939,0.9782,0.95,0.8292,0.5798,swin_tiny,srad_nopad,False,results/ablation_nopad/checkpoints/srad_nopad/swin_tiny/best.pt
8,13,True,0.9572,87.9,27750140,27750140,2560,640,640,640,72,568,0.5,0.7766,0.3333,0.9861,0.75,0.9977,0.4982,0.4936,0.25,0.0139,0.9524,0.9335,0.9695,0.7297,0.8874,0.2022,71,142,426,1,0.9873,0.8766,0.9444,0.868,0.6326,0.9763,0.95,0.831,0.5823,swin_tiny,gauss_nopad,False,results/ablation_nopad/checkpoints/gauss_nopad/swin_tiny/best.pt
