bin_lower,bin_upper,bin_midpoint,mean_confidence,fraction_correct,n_samples
0.0,0.0667,0.0333,0.0204,0.0026,379
0.0667,0.1333,0.1,0.0894,0.0167,60
0.1333,0.2,0.1667,0.166,0.0,12
0.2,0.2667,0.2333,0.2285,0.0,10
0.2667,0.3333,0.3,0.3073,0.0,6
0.3333,0.4,0.3667,0.3604,0.0,4
0.4,0.4667,0.4333,0.4356,0.0,4
0.4667,0.5333,0.5,0.5059,0.0,2
0.5333,0.6,0.5667,0.5805,0.0,4
0.6,0.6667,0.6333,0.6486,0.0,3
0.6667,0.7333,0.7,0.7038,0.0,10
0.7333,0.8,0.7667,0.7671,0.0333,30
0.8,0.8667,0.8333,0.8528,0.8571,119
0.8667,0.9333,0.9,0.8752,0.8681,91
0.9333,1.0,0.9667,0.0,0.0,0
