trial_id,val_auc,pruned,complete,lr,weight_decay,dropout,rotation,label_smoothing,freeze_fraction,batch_size
0,0.9622,False,True,1.251730279398183e-05,0.0035588204642146262,0.4912416992444287,12,0.04165464989181671,0.5,16
1,0.9608,False,True,8.720146637084916e-05,1.172790910839382e-05,0.26066695110089544,10,0.0611300939922883,0.5,16
2,0.9538,False,True,2.0296113854948574e-05,0.0028549448434741064,0.35867108545797965,3,0.04860355530747641,0.0,32
3,0.955,False,True,1.977788989135649e-05,2.1678447275605498e-05,0.32235499143154117,7,0.05809445503148644,0.5,16
4,0.9543,False,True,2.1802075228035873e-05,4.386716844700418e-05,0.43042891064228667,4,0.04911910698632835,0.0,32
5,0.9575,False,True,7.350613386270726e-06,1.5046062920552174e-05,0.4891176134978596,6,0.02169909787389549,0.5,32
6,0.9597,False,True,5.073381690245576e-06,0.0011256047914317809,0.2765742767082462,1,0.04490822848115873,0.5,64
7,0.9629,False,True,6.6219186068968326e-06,0.0011876598801919714,0.3094930096246087,13,0.02959271508407553,0.0,32
8,0.9325,True,False,8.040779949937252e-06,2.0260601883979457e-05,0.10189151164533766,17,0.015439908207398323,0.5,16
9,0.959,False,True,2.1328534496659267e-05,1.77713016271071e-05,0.3678534177546928,16,0.09488488043012579,0.5,64
10,0.9524,True,False,7.082926824155747e-05,0.00035059337889172193,0.002410786388318431,13,0.09999612426072346,0.0,32
11,0.9441,True,False,1.1394676089912473e-05,0.009513342945577192,0.16115644510209765,20,0.0011721164941838544,0.0,16
12,0.9577,False,True,1.137377478873404e-05,0.0005715968027811661,0.48524182490534934,11,0.03059984728324919,0.0,32
13,0.9413,True,False,4.1078122486780215e-05,0.0036269049055316998,0.19910246314638935,14,0.0725733384062117,0.0,16
14,0.9571,False,True,1.256129542264128e-05,0.0003814147345729452,0.4174178744934032,9,0.0332766122841513,0.5,64
15,0.9598,False,True,5.345632995184304e-06,0.0017094764816805864,0.4095699434295643,13,0.007791812084495121,0.0,32
16,0.9587,False,True,7.875287196965323e-06,0.00013919684988173344,0.24214493873962958,18,0.03290780391243596,0.0,16
17,0.958,False,True,1.4157726765642095e-05,0.008952438990772419,0.1177045595335725,15,0.06762703922502031,0.5,32
18,0.9577,False,True,3.324603570938651e-05,0.0042586280762454565,0.3429086932201685,11,0.07768143918517043,0.5,16
19,0.9601,False,True,6.995893672494747e-06,0.0008295009504147339,0.30575540121466194,9,0.023215033267305424,0.0,64
