path,label,prob_infected,predictive_entropy
data_external/test/images/image10000.jpg,0,0.0035721422,0.023693265
data_external/test/images/image10001.jpg,1,0.9997796,0.0020763534
data_external/test/images/image10002.jpg,0,0.016089091,0.0824008
data_external/test/images/image10003.jpg,0,0.014270785,0.07481274
data_external/test/images/image10004.jpg,1,0.99885195,0.008919308
data_external/test/images/image10005.jpg,0,0.021461386,0.10367326
data_external/test/images/image10006.jpg,0,0.17356382,0.46149233
data_external/test/images/image10007.jpg,0,0.0014921931,0.011201478
data_external/test/images/image10008.jpg,0,0.029866636,0.13427821
data_external/test/images/image10009.jpg,0,0.0123676285,0.06661775
data_external/test/images/image10010.jpg,1,0.9994103,0.0049747806
data_external/test/images/image10011.jpg,1,0.9997113,0.002641332
data_external/test/images/image10012.jpg,1,0.9997735,0.0021270593
data_external/test/images/image10013.jpg,0,0.01807694,0.09045735
data_external/test/images/image10014.jpg,0,0.052793525,0.20665984
data_external/test/images/image10015.jpg,0,0.22484022,0.53296614
data_external/test/images/image10016.jpg,0,0.01678266,0.085238665
data_external/test/images/image10017.jpg,0,0.61612767,0.66592807
data_external/test/images/image10018.jpg,0,0.026376415,0.1219113
data_external/test/images/image10019.jpg,0,0.8682888,0.38962668
data_external/test/images/image10020.jpg,1,0.9995834,0.0036590756
data_external/test/images/image10021.jpg,0,0.0038394511,0.025188765
data_external/test/images/image10022.jpg,0,0.03075236,0.13734779
data_external/test/images/image10023.jpg,0,0.19770391,0.49720287
data_external/test/images/image10024.jpg,1,0.9998324,0.0016244849
data_external/test/images/image10025.jpg,0,0.022086449,0.10605179
data_external/test/images/image10026.jpg,1,0.99990934,0.0009348501
data_external/test/images/image10027.jpg,0,0.08221375,0.2841431
data_external/test/images/image10028.jpg,0,0.030804839,0.1375288
data_external/test/images/image10029.jpg,0,0.007882953,0.04602929
data_external/test/images/image10030.jpg,1,0.9997351,0.002446336
data_external/test/images/image10031.jpg,0,0.060396574,0.2280573
data_external/test/images/image10032.jpg,0,0.36369988,0.65551734
data_external/test/images/image10033.jpg,1,0.99958056,0.0036811233
data_external/test/images/image10034.jpg,0,0.018441066,0.091908336
data_external/test/images/image10035.jpg,0,0.009966693,0.055848453
data_external/test/images/image10036.jpg,0,0.016130116,0.08256936
data_external/test/images/image10037.jpg,0,0.99816775,0.013377652
data_external/test/images/image10038.jpg,0,0.9377773,0.23304015
data_external/test/images/image10039.jpg,0,0.4645372,0.69062984
data_external/test/images/image10040.jpg,0,0.9933883,0.039773483
data_external/test/images/image10041.jpg,0,0.0017771407,0.013029769
data_external/test/images/image10042.jpg,0,0.0014399093,0.0108605195
data_external/test/images/image10043.jpg,1,0.99988574,0.0011520629
data_external/test/images/image10044.jpg,0,0.8322179,0.45235202
data_external/test/images/image10045.jpg,0,0.5768864,0.68127704
data_external/test/images/image10046.jpg,0,0.9999182,0.0008512397
data_external/test/images/image10047.jpg,1,0.99987394,0.0012580032
data_external/test/images/image10048.jpg,0,0.007291196,0.043145154
data_external/test/images/image10049.jpg,0,0.012899523,0.068936095
data_external/test/images/image10050.jpg,0,0.01089837,0.06009002
data_external/test/images/image10051.jpg,0,0.99869704,0.00995769
data_external/test/images/image10052.jpg,0,0.010343922,0.05757597
data_external/test/images/image10053.jpg,0,0.04268919,0.17639832
data_external/test/images/image10054.jpg,0,0.0071101575,0.042253252
data_external/test/images/image10055.jpg,0,0.07012291,0.2539568
data_external/test/images/image10056.jpg,0,0.02408616,0.11354168
data_external/test/images/image10057.jpg,0,0.024194522,0.11394243
data_external/test/images/image10058.jpg,0,0.13580488,0.39727437
data_external/test/images/image10059.jpg,0,0.97549164,0.11510055
data_external/test/images/image10060.jpg,1,0.9977615,0.015895808
data_external/test/images/image10061.jpg,0,0.0007575069,0.006200208
data_external/test/images/image10062.jpg,0,0.010438367,0.058006324
data_external/test/images/image10063.jpg,1,0.9999258,0.00077975594
data_external/test/images/image10064.jpg,1,0.9975634,0.017095001
data_external/test/images/image10065.jpg,1,0.6638864,0.6384239
data_external/test/images/image10066.jpg,0,0.01715656,0.08675641
data_external/test/images/image10067.jpg,0,0.093280494,0.31006268
data_external/test/images/image10068.jpg,0,0.057152357,0.21905906
data_external/test/images/image10069.jpg,0,0.12977207,0.3859532
data_external/test/images/image10070.jpg,0,0.021766135,0.104835264
data_external/test/images/image10071.jpg,0,0.022222009,0.10656511
data_external/test/images/image10072.jpg,0,0.00037880617,0.0033630652
data_external/test/images/image10073.jpg,1,0.99965787,0.0030723982
data_external/test/images/image10074.jpg,0,0.0056790663,0.035029177
data_external/test/images/image10075.jpg,0,0.08922171,0.30073342
data_external/test/images/image10076.jpg,0,0.2317263,0.54135376
data_external/test/images/image10077.jpg,0,0.015902564,0.08163234
data_external/test/images/image10078.jpg,0,0.8071352,0.49035034
data_external/test/images/image10079.jpg,0,0.20360163,0.50535494
data_external/test/images/image10080.jpg,0,0.008808487,0.05045163
data_external/test/images/image10081.jpg,0,0.0062633776,0.03801805
data_external/test/images/image10082.jpg,1,0.9997294,0.002493667
data_external/test/images/image10083.jpg,1,0.9996118,0.0034367146
data_external/test/images/image10084.jpg,0,0.005840027,0.03585828
data_external/test/images/image10085.jpg,0,0.94741285,0.20606351
data_external/test/images/image10086.jpg,0,0.0055768047,0.034500018
data_external/test/images/image10087.jpg,0,0.1474392,0.41824126
data_external/test/images/image10088.jpg,0,0.0029027974,0.019856954
data_external/test/images/image10089.jpg,0,0.008707595,0.049974546
data_external/test/images/image10090.jpg,0,0.0007769287,0.0063396296
data_external/test/images/image10091.jpg,0,0.3616399,0.6543559
data_external/test/images/image10092.jpg,0,0.0071538007,0.04246878
data_external/test/images/image10093.jpg,1,0.99899614,0.007933605
data_external/test/images/image10094.jpg,0,0.0021097546,0.015106175
data_external/test/images/image10095.jpg,1,0.9971855,0.019339856
data_external/test/images/image10096.jpg,0,0.011145812,0.061202697
data_external/test/images/image10097.jpg,0,0.003373496,0.022569139
data_external/test/images/image10098.jpg,0,0.97994214,0.09826389
data_external/test/images/image10099.jpg,0,0.0025139835,0.017559133
data_external/test/images/image10100.jpg,0,0.0021047133,0.015074974
data_external/test/images/image10101.jpg,0,0.00991995,0.05563335
data_external/test/images/image10102.jpg,0,0.007532205,0.044325422
data_external/test/images/image10103.jpg,0,0.013106453,0.06983208
data_external/test/images/image10104.jpg,0,0.99422884,0.03550423
data_external/test/images/image10105.jpg,0,0.9780333,0.10559764
data_external/test/images/image10106.jpg,0,0.99841046,0.011831501
data_external/test/images/image10107.jpg,0,0.9986191,0.010473398
data_external/test/images/image10108.jpg,1,0.9999745,0.00029548607
data_external/test/images/image10109.jpg,0,0.5087896,0.6929926
data_external/test/images/image10110.jpg,1,0.99986875,0.0013034524
data_external/test/images/image10111.jpg,0,0.948277,0.20355769
data_external/test/images/image10112.jpg,0,0.27144578,0.58469164
data_external/test/images/image10113.jpg,0,0.0030066527,0.020461578
data_external/test/images/image10114.jpg,0,0.19559044,0.49422836
data_external/test/images/image10115.jpg,0,0.7256558,0.587532
data_external/test/images/image10116.jpg,0,0.9998812,0.0011918072
data_external/test/images/image10117.jpg,0,0.3962165,0.67144775
data_external/test/images/image10118.jpg,0,0.999546,0.003948384
data_external/test/images/image10119.jpg,0,0.9351441,0.24012467
data_external/test/images/image10120.jpg,0,0.9999735,0.0003057953
data_external/test/images/image10121.jpg,0,0.10441351,0.33467352
data_external/test/images/image10122.jpg,0,0.6523086,0.6460058
data_external/test/images/image10123.jpg,0,0.71709734,0.5956739
data_external/test/images/image10124.jpg,0,0.9999761,0.00027760986
data_external/test/images/image10125.jpg,0,0.98004377,0.09786863
data_external/test/images/image10126.jpg,0,0.32061785,0.62733436
data_external/test/images/image10127.jpg,0,0.00960228,0.054165766
data_external/test/images/image10128.jpg,0,0.99911463,0.007108806
data_external/test/images/image10129.jpg,0,0.001185231,0.009170396
data_external/test/images/image10130.jpg,0,0.9991561,0.006815917
data_external/test/images/image10131.jpg,0,0.022608936,0.10802592
data_external/test/images/image10132.jpg,0,0.04828245,0.19342661
data_external/test/images/image10133.jpg,0,0.037274346,0.15918301
data_external/test/images/image10134.jpg,0,0.99992096,0.00082566525
data_external/test/images/image10135.jpg,0,0.0007998243,0.006503206
data_external/test/images/image10136.jpg,0,0.14600769,0.41572106
data_external/test/images/image10137.jpg,0,0.17566319,0.46475333
data_external/test/images/image10138.jpg,0,0.6428526,0.65175927
data_external/test/images/image10139.jpg,0,0.99798447,0.01452327
data_external/test/images/image10140.jpg,0,0.009106784,0.05185552
data_external/test/images/image10141.jpg,0,0.0042745555,0.027583469
data_external/test/images/image10142.jpg,0,0.40307197,0.6742376
data_external/test/images/image10143.jpg,0,0.0013183659,0.010060018
data_external/test/images/image10144.jpg,0,0.0340668,0.14860624
data_external/test/images/image10145.jpg,0,0.23063836,0.54004645
data_external/test/images/image10146.jpg,0,0.0011466723,0.008909941
data_external/test/images/image10147.jpg,0,0.0034865877,0.02321055
data_external/test/images/image10148.jpg,0,0.013068054,0.0696661
data_external/test/images/image10149.jpg,0,0.0012211977,0.009412124
data_external/test/images/image10150.jpg,0,0.7013293,0.60973376
data_external/test/images/image10151.jpg,0,0.0007348426,0.006037043
data_external/test/images/image10152.jpg,0,0.020249546,0.09900871
data_external/test/images/image10153.jpg,0,0.8116227,0.48386157
data_external/test/images/image10154.jpg,0,0.00507815,0.031892106
data_external/test/images/image10155.jpg,0,0.037377045,0.1595168
data_external/test/images/image10156.jpg,0,0.0022349537,0.015873544
data_external/test/images/image10157.jpg,0,0.95943964,0.16972089
data_external/test/images/image10158.jpg,0,0.0016528777,0.012238534
data_external/test/images/image10159.jpg,0,0.9842865,0.08085112
data_external/test/images/image10160.jpg,0,0.9707852,0.13200189
data_external/test/images/image10161.jpg,0,0.0004975616,0.004281855
data_external/test/images/image10162.jpg,1,0.9993975,0.005069559
data_external/test/images/image10163.jpg,1,0.999011,0.007831314
data_external/test/images/image10164.jpg,0,0.999978,0.00025783337
data_external/test/images/image10165.jpg,0,0.5214514,0.6922266
data_external/test/images/image10166.jpg,0,0.15576912,0.43258697
data_external/test/images/image10167.jpg,1,0.9926144,0.0436084
data_external/test/images/image10168.jpg,0,0.008209747,0.047602728
data_external/test/images/image10169.jpg,1,0.9935762,0.03882856
data_external/test/images/image10170.jpg,1,0.99429667,0.03515452
data_external/test/images/image10171.jpg,0,0.0013944715,0.010562511
data_external/test/images/image10172.jpg,1,0.9814706,0.092259295
data_external/test/images/image10173.jpg,1,0.99504733,0.031228751
data_external/test/images/image10174.jpg,1,0.9732197,0.12336543
data_external/test/images/image10175.jpg,1,0.99076957,0.05243462
data_external/test/images/image10176.jpg,1,0.99376327,0.037883215
data_external/test/images/image10177.jpg,1,0.99544275,0.02911511
data_external/test/images/image10178.jpg,0,0.0024414072,0.017123919
data_external/test/images/image10179.jpg,1,0.99312365,0.04109478
data_external/test/images/image10180.jpg,1,0.994454,0.034340065
data_external/test/images/image10181.jpg,1,0.9927338,0.04302232
data_external/test/images/image10182.jpg,1,0.9861001,0.07323702
data_external/test/images/image10183.jpg,1,0.9923578,0.044861756
data_external/test/images/image10184.jpg,1,0.9895413,0.058098413
data_external/test/images/image10185.jpg,0,0.0010886836,0.008515872
data_external/test/images/image10186.jpg,1,0.9943814,0.03471661
data_external/test/images/image10187.jpg,0,0.0019405115,0.014056768
data_external/test/images/image10188.jpg,0,0.0010717824,0.008400478
data_external/test/images/image10189.jpg,1,0.99562854,0.028110804
data_external/test/images/image10190.jpg,1,0.99420255,0.035639334
data_external/test/images/image10191.jpg,0,0.0039810347,0.025973098
data_external/test/images/image10192.jpg,0,8.02049e-05,0.00083668076
data_external/test/images/image10193.jpg,1,0.9602255,0.16722673
data_external/test/images/image10194.jpg,1,0.9795875,0.09964025
data_external/test/images/image10195.jpg,1,0.9764747,0.111458704
data_external/test/images/image10196.jpg,1,0.97285795,0.12466252
data_external/test/images/image10197.jpg,0,0.00016895017,0.0016363806
data_external/test/images/image10198.jpg,1,0.9793696,0.10048257
data_external/test/images/image10199.jpg,1,0.96761787,0.14292738
data_external/test/images/image10200.jpg,1,0.503403,0.693124
data_external/test/images/image10201.jpg,0,6.652386e-05,0.00070632977
data_external/test/images/image10202.jpg,1,0.9692383,0.13738
data_external/test/images/image10203.jpg,1,0.993145,0.04098881
data_external/test/images/image10204.jpg,0,0.00016569394,0.001608104
data_external/test/images/image10205.jpg,1,0.97583604,0.11382928
data_external/test/images/image10206.jpg,0,0.00030901792,0.00280645
data_external/test/images/image10207.jpg,0,0.00021114014,0.0019980236
data_external/test/images/image10208.jpg,0,3.6661782e-05,0.0004110418
data_external/test/images/image10209.jpg,1,0.9526764,0.19055799
data_external/test/images/image10210.jpg,0,9.003734e-05,0.00092865294
data_external/test/images/image10211.jpg,0,0.00014667318,0.0014413353
data_external/test/images/image10212.jpg,1,0.98827803,0.06377199
data_external/test/images/image10213.jpg,1,0.96594834,0.14855564
data_external/test/images/image10214.jpg,1,0.98514295,0.07728346
data_external/test/images/image10215.jpg,1,0.98181325,0.09089546
data_external/test/images/image10216.jpg,1,0.8201356,0.47118786
data_external/test/images/image10217.jpg,1,0.9763903,0.11177297
data_external/test/images/image10218.jpg,0,0.00010501532,0.0010670361
data_external/test/images/image10219.jpg,1,0.99171233,0.04797589
data_external/test/images/image10220.jpg,1,0.9839682,0.08216501
data_external/test/images/image10221.jpg,0,0.00069562346,0.005752886
data_external/test/images/image10222.jpg,1,0.861309,0.40258014
data_external/test/images/image10223.jpg,1,0.99201226,0.046535335
data_external/test/images/image10224.jpg,1,0.98631996,0.07229796
data_external/test/images/image10225.jpg,1,0.997604,0.016850196
data_external/test/images/image10226.jpg,1,0.98115385,0.093514
data_external/test/images/image10227.jpg,1,0.95612913,0.18005666
data_external/test/images/image10228.jpg,0,4.089524e-05,0.00045410378
data_external/test/images/image10229.jpg,0,0.0017712801,0.012992556
data_external/test/images/image10230.jpg,1,0.60493094,0.6709616
data_external/test/images/image10231.jpg,0,0.0017646285,0.012950505
data_external/test/images/image10232.jpg,1,0.95376265,0.18728378
data_external/test/images/image10233.jpg,1,0.8785386,0.36982667
data_external/test/images/image10234.jpg,1,0.98914826,0.05987977
data_external/test/images/image10235.jpg,0,0.000102535676,0.0010443256
data_external/test/images/image10236.jpg,0,6.199153e-05,0.00066252303
data_external/test/images/image10237.jpg,1,0.97283506,0.12474455
data_external/test/images/image10238.jpg,1,0.6749385,0.63062596
data_external/test/images/image10239.jpg,1,0.9799711,0.098151505
data_external/test/images/image10240.jpg,1,0.95409423,0.18627867
data_external/test/images/image10241.jpg,0,0.00048265993,0.0041682986
data_external/test/images/image10242.jpg,1,0.97770464,0.106842674
data_external/test/images/image10243.jpg,1,0.9868466,0.07003482
data_external/test/images/image10244.jpg,1,0.97266203,0.12536342
data_external/test/images/image10245.jpg,1,0.9684791,0.13998993
data_external/test/images/image10246.jpg,1,0.9731551,0.12359766
data_external/test/images/image10247.jpg,1,0.98185027,0.09074831
data_external/test/images/image10248.jpg,1,0.99231684,0.045061026
data_external/test/images/image10249.jpg,0,0.00032917835,0.0029687842
data_external/test/images/image10250.jpg,1,0.97062147,0.13257521
data_external/test/images/image10251.jpg,1,0.9870316,0.069234855
data_external/test/images/image10252.jpg,1,0.9886358,0.06218016
data_external/test/images/image10253.jpg,1,0.5509218,0.68795216
data_external/test/images/image10254.jpg,1,0.5295206,0.69140327
data_external/test/images/image10255.jpg,1,0.9614748,0.16322866
data_external/test/images/image10256.jpg,0,0.00013388543,0.001328033
data_external/test/images/image10257.jpg,0,0.0076837605,0.0450636
data_external/test/images/image10258.jpg,0,0.0003548991,0.003174136
data_external/test/images/image10259.jpg,0,7.86304e-05,0.0008218411
data_external/test/images/image10260.jpg,1,0.98051393,0.09603222
data_external/test/images/image10261.jpg,0,0.00013894498,0.0013730088
data_external/test/images/image10262.jpg,0,0.0002668927,0.0024629745
data_external/test/images/image10263.jpg,1,0.9687674,0.13900095
data_external/test/images/image10264.jpg,1,0.976492,0.11139395
data_external/test/images/image10265.jpg,1,0.9951961,0.030436987
data_external/test/images/image10266.jpg,1,0.98059815,0.0957019
data_external/test/images/image10267.jpg,1,0.99277383,0.042825665
data_external/test/images/image10268.jpg,0,0.00025179744,0.002338345
data_external/test/images/image10269.jpg,0,0.00029583444,0.0026996888
data_external/test/images/image10270.jpg,0,8.7110064e-05,0.00090146257
data_external/test/images/image10271.jpg,1,0.9853407,0.07645294
data_external/test/images/image10272.jpg,1,0.98781204,0.0658296
data_external/test/images/image10273.jpg,1,0.98655695,0.07128234
data_external/test/images/image10274.jpg,1,0.8692013,0.38790223
data_external/test/images/image10275.jpg,1,0.9978084,0.015608478
data_external/test/images/image10276.jpg,1,0.9855719,0.07547786
data_external/test/images/image10277.jpg,0,0.00014529379,0.0014291613
data_external/test/images/image10278.jpg,1,0.97454286,0.11857748
data_external/test/images/image10279.jpg,1,0.9751365,0.11640639
data_external/test/images/image10280.jpg,0,0.00023677661,0.0022134758
data_external/test/images/image10281.jpg,0,0.006962784,0.041523904
data_external/test/images/image10282.jpg,1,0.8759465,0.37492424
data_external/test/images/image10283.jpg,1,0.98674804,0.07046039
data_external/test/images/image10284.jpg,0,0.00016234835,0.0015789536
data_external/test/images/image10285.jpg,0,0.00067215675,0.0055820434
data_external/test/images/image10286.jpg,0,0.95607215,0.18023233
data_external/test/images/image10287.jpg,1,0.96827745,0.14067979
data_external/test/images/image10288.jpg,1,0.979479,0.10005985
data_external/test/images/image10289.jpg,1,0.73987085,0.573192
data_external/test/images/image10290.jpg,1,0.98145705,0.09231318
data_external/test/images/image10291.jpg,1,0.9849237,0.07820151
data_external/test/images/image10292.jpg,1,0.9786641,0.10319367
data_external/test/images/image10293.jpg,1,0.98093694,0.09436997
data_external/test/images/image10294.jpg,1,0.7720144,0.53683084
data_external/test/images/image10295.jpg,0,0.0001499585,0.0014703514
data_external/test/images/image10296.jpg,1,0.97829956,0.104584984
data_external/test/images/image10297.jpg,1,0.96457785,0.15311189
data_external/test/images/image10298.jpg,1,0.9741217,0.12010886
data_external/test/images/image10299.jpg,0,0.00020888801,0.0019789394
data_external/test/images/image10300.jpg,1,0.9719438,0.12791914
data_external/test/images/image10301.jpg,1,0.9823139,0.0888921
data_external/test/images/image10302.jpg,1,0.9755829,0.11476433
data_external/test/images/image10303.jpg,1,0.98418653,0.08126438
data_external/test/images/image10304.jpg,1,0.98512495,0.077358946
data_external/test/images/image10305.jpg,1,0.96942365,0.13673978
data_external/test/images/image10306.jpg,1,0.4682884,0.6911346
data_external/test/images/image10307.jpg,1,0.9858132,0.07445689
data_external/test/images/image10308.jpg,0,0.000521174,0.0044608135
data_external/test/images/image10309.jpg,1,0.97187895,0.1281489
data_external/test/images/image10310.jpg,0,0.0001081011,0.0010953342
data_external/test/images/image10311.jpg,1,0.9962957,0.024434995
data_external/test/images/image10312.jpg,1,0.9546594,0.18456024
data_external/test/images/image10313.jpg,0,0.00040081143,0.0035359056
data_external/test/images/image10314.jpg,1,0.9830349,0.085980475
data_external/test/images/image10315.jpg,0,0.00028728982,0.002630097
data_external/test/images/image10316.jpg,1,0.9849894,0.07792694
data_external/test/images/image10317.jpg,1,0.97028595,0.13374671
data_external/test/images/image10318.jpg,1,0.9589444,0.17128444
data_external/test/images/image10319.jpg,1,0.9915575,0.048715435
data_external/test/images/image10320.jpg,1,0.99398035,0.036778424
data_external/test/images/image10321.jpg,0,0.0001282597,0.0012776442
data_external/test/images/image10322.jpg,1,0.9730904,0.123829655
data_external/test/images/image10323.jpg,0,3.8675604e-05,0.00043168804
data_external/test/images/image10324.jpg,0,5.0105707e-05,0.00054617214
data_external/test/images/image10325.jpg,1,0.22758237,0.53633857
data_external/test/images/image10326.jpg,1,0.9893478,0.058977164
data_external/test/images/image10327.jpg,1,0.9921547,0.04584743
data_external/test/images/image10328.jpg,1,0.94617444,0.20962882
data_external/test/images/image10329.jpg,1,0.9507382,0.19633588
data_external/test/images/image10330.jpg,0,9.456434e-05,0.00097083306
data_external/test/images/image10331.jpg,1,0.8496977,0.42323297
data_external/test/images/image10332.jpg,1,0.9293744,0.25525427
data_external/test/images/image10333.jpg,1,0.91519636,0.2903474
data_external/test/images/image10334.jpg,1,0.9054423,0.31295785
data_external/test/images/image10335.jpg,1,0.90841466,0.3061905
data_external/test/images/image10336.jpg,1,0.40649143,0.67555606
data_external/test/images/image10337.jpg,1,0.8743177,0.37809572
data_external/test/images/image10338.jpg,1,0.8831114,0.3606795
data_external/test/images/image10339.jpg,1,0.9706427,0.1325011
data_external/test/images/image10340.jpg,1,0.9079758,0.3071964
data_external/test/images/image10341.jpg,1,0.955691,0.18140458
data_external/test/images/image10342.jpg,0,2.3414554e-05,0.00027300432
data_external/test/images/image10343.jpg,1,0.98391116,0.08239966
data_external/test/images/image10344.jpg,1,0.9883015,0.06366804
data_external/test/images/image10345.jpg,1,0.9310261,0.25097668
data_external/test/images/image10346.jpg,1,0.9268426,0.26173076
data_external/test/images/image10347.jpg,1,0.93709135,0.23489684
data_external/test/images/image10348.jpg,1,0.99077666,0.05240146
data_external/test/images/image10349.jpg,0,1.3228752e-05,0.00016188188
data_external/test/images/image10350.jpg,1,0.963623,0.156254
data_external/test/images/image10351.jpg,1,0.8860375,0.35472035
data_external/test/images/image10352.jpg,1,0.9481128,0.20403498
data_external/test/images/image10353.jpg,0,1.9639223e-05,0.00023250889
data_external/test/images/image10354.jpg,1,1.6644204e-05,0.00019976319
data_external/test/images/image10355.jpg,1,0.7338085,0.5794339
data_external/test/images/image10356.jpg,1,0.9597021,0.1688899
data_external/test/images/image10357.jpg,1,0.77493495,0.5332443
data_external/test/images/image10358.jpg,1,0.8733538,0.37996116
data_external/test/images/image10359.jpg,1,0.66124696,0.6402049
data_external/test/images/image10360.jpg,1,0.90324014,0.31790483
data_external/test/images/image10361.jpg,0,3.621232e-05,0.00040654017
data_external/test/images/image10362.jpg,1,0.9696103,0.13609423
data_external/test/images/image10363.jpg,1,0.98545474,0.075972736
data_external/test/images/image10364.jpg,0,1.8989553e-05,0.00022551054
data_external/test/images/image10365.jpg,1,0.91688937,0.28630167
data_external/test/images/image10366.jpg,0,1.6766917e-05,0.00020116911
data_external/test/images/image10367.jpg,1,0.9754503,0.11525306
data_external/test/images/image10368.jpg,1,0.9738045,0.12125787
data_external/test/images/image10369.jpg,1,0.8938399,0.3384111
data_external/test/images/image10370.jpg,1,0.92215186,0.27348208
data_external/test/images/image10371.jpg,1,0.96066195,0.16583481
data_external/test/images/image10372.jpg,1,0.9856837,0.075005636
data_external/test/images/image10373.jpg,1,0.88868785,0.34924993
data_external/test/images/image10374.jpg,1,0.5511097,0.68791366
data_external/test/images/image10375.jpg,0,3.565369e-05,0.00040078585
data_external/test/images/image10376.jpg,1,0.9682312,0.14083788
data_external/test/images/image10377.jpg,1,0.9468752,0.20761518
data_external/test/images/image10378.jpg,1,0.9760729,0.11295213
data_external/test/images/image10379.jpg,1,0.7337385,0.5795049
data_external/test/images/image10380.jpg,1,0.9244049,0.26787704
data_external/test/images/image10381.jpg,1,0.84429365,0.4324809
data_external/test/images/image10382.jpg,1,0.93536985,0.23952176
data_external/test/images/image10383.jpg,0,2.0903966e-05,0.0002461632
data_external/test/images/image10384.jpg,1,0.92605287,0.26373145
data_external/test/images/image10385.jpg,1,0.9888658,0.06115072
data_external/test/images/image10386.jpg,0,0.000109234825,0.0011056806
data_external/test/images/image10387.jpg,1,0.9919799,0.046691097
data_external/test/images/image10388.jpg,1,0.9288902,0.25650018
data_external/test/images/image10389.jpg,1,0.9836989,0.08327139
data_external/test/images/image10390.jpg,0,7.6438686e-05,0.0008009046
data_external/test/images/image10391.jpg,1,0.9681402,0.14114882
data_external/test/images/image10392.jpg,1,0.5113468,0.6928897
data_external/test/images/image10393.jpg,0,2.024537e-05,0.00023905894
data_external/test/images/image10394.jpg,0,0.9332774,0.24507754
data_external/test/images/image10395.jpg,0,4.0001953e-05,0.00044506695
data_external/test/images/image10396.jpg,0,0.9754794,0.1151458
data_external/test/images/image10397.jpg,0,6.492006e-05,0.00069087953
data_external/test/images/image10398.jpg,0,0.9825882,0.08778786
data_external/test/images/image10399.jpg,0,0.9537586,0.18729582
data_external/test/images/image10400.jpg,0,0.96879196,0.13891667
data_external/test/images/image10401.jpg,0,0.9876154,0.06669212
data_external/test/images/image10402.jpg,0,0.95050603,0.19702257
data_external/test/images/image10403.jpg,0,0.945018,0.21293089
data_external/test/images/image10404.jpg,0,0.94575834,0.21081999
data_external/test/images/image10405.jpg,1,0.50418717,0.69311213
data_external/test/images/image10406.jpg,1,0.9623118,0.16052616
data_external/test/images/image10407.jpg,0,0.00017325445,0.0016736994
data_external/test/images/image10408.jpg,0,0.0001926198,0.001840436
data_external/test/images/image10409.jpg,1,0.96292925,0.15852048
data_external/test/images/image10410.jpg,1,0.98633707,0.072225325
data_external/test/images/image10411.jpg,1,0.993537,0.039026104
data_external/test/images/image10412.jpg,1,0.9955201,0.028698055
data_external/test/images/image10413.jpg,1,0.9372642,0.2344298
data_external/test/images/image10414.jpg,1,0.59267956,0.6758684
data_external/test/images/image10415.jpg,1,0.90908796,0.30464295
data_external/test/images/image10416.jpg,1,0.97505784,0.11669503
data_external/test/images/image10417.jpg,1,0.9872412,0.068324976
data_external/test/images/image10418.jpg,1,0.9493559,0.20040728
data_external/test/images/image10419.jpg,1,0.49435967,0.6930835
data_external/test/images/image10420.jpg,1,0.9701189,0.13432892
data_external/test/images/image10421.jpg,1,0.99640393,0.023827732
data_external/test/images/image10422.jpg,1,0.96571296,0.14934202
data_external/test/images/image10423.jpg,0,8.552592e-05,0.0008866735
data_external/test/images/image10424.jpg,1,0.94508123,0.21275112
data_external/test/images/image10425.jpg,1,0.839023,0.44128644
data_external/test/images/image10426.jpg,1,0.95885885,0.17155391
data_external/test/images/image10427.jpg,1,0.98137546,0.092636615
data_external/test/images/image10428.jpg,1,0.9642171,0.1543021
data_external/test/images/image10429.jpg,0,7.7432494e-05,0.00081039744
data_external/test/images/image10430.jpg,0,8.043503e-05,0.00083873974
data_external/test/images/image10431.jpg,1,0.97376114,0.12141446
data_external/test/images/image10432.jpg,1,0.9868401,0.07006305
data_external/test/images/image10433.jpg,0,0.0001495108,0.0014664392
data_external/test/images/image10434.jpg,0,6.852122e-05,0.0007254801
data_external/test/images/image10435.jpg,0,5.600236e-05,0.00060416723
data_external/test/images/image10436.jpg,1,0.5260585,0.69178843
data_external/test/images/image10437.jpg,1,0.9677814,0.14237149
data_external/test/images/image10438.jpg,1,0.9686711,0.13933173
data_external/test/images/image10439.jpg,1,0.98056,0.09585157
data_external/test/images/image10440.jpg,1,0.96823657,0.14081964
data_external/test/images/image10441.jpg,1,0.9727149,0.1251742
data_external/test/images/image10442.jpg,0,0.00014743433,0.0014480659
data_external/test/images/image10443.jpg,1,0.9591394,0.17066947
data_external/test/images/image10444.jpg,1,0.90108705,0.32268792
data_external/test/images/image10445.jpg,0,0.00010116606,0.001031735
data_external/test/images/image10446.jpg,0,6.7334295e-05,0.0007140839
data_external/test/images/image10447.jpg,1,0.94155604,0.22266436
data_external/test/images/image10448.jpg,1,0.9726949,0.12524584
data_external/test/images/image10449.jpg,0,0.00031764337,0.002876057
data_external/test/images/image10450.jpg,0,0.00016666498,0.0016165369
data_external/test/images/image10451.jpg,0,0.0005977526,0.0050342456
data_external/test/images/image10452.jpg,0,0.00019664064,0.0018748232
data_external/test/images/image10453.jpg,0,0.0010389473,0.0081755165
data_external/test/images/image10454.jpg,0,0.00043341794,0.0037896466
data_external/test/images/image10455.jpg,1,0.98312575,0.085610926
data_external/test/images/image10456.jpg,1,0.97685087,0.11005411
data_external/test/images/image10457.jpg,1,0.99015284,0.055298127
data_external/test/images/image10458.jpg,0,0.0029802427,0.020308184
data_external/test/images/image10459.jpg,1,0.9897244,0.057263996
data_external/test/images/image10460.jpg,1,0.9824467,0.088358074
data_external/test/images/image10461.jpg,1,0.9673276,0.14391243
data_external/test/images/image10462.jpg,1,0.9965559,0.022969684
data_external/test/images/image10463.jpg,0,0.00037055582,0.003298062
data_external/test/images/image10464.jpg,1,0.78155977,0.5249267
data_external/test/images/image10465.jpg,1,0.9421454,0.2210231
data_external/test/images/image10466.jpg,1,0.9909903,0.051399615
data_external/test/images/image10467.jpg,0,0.0002268368,0.00213033
data_external/test/images/image10468.jpg,1,0.9957702,0.027339289
data_external/test/images/image10469.jpg,0,0.0006969063,0.005762358
data_external/test/images/image10470.jpg,1,0.6311322,0.65835035
data_external/test/images/image10471.jpg,0,0.00017576937,0.00169551
data_external/test/images/image10472.jpg,0,0.0001782506,0.0017169083
data_external/test/images/image10473.jpg,1,0.9792878,0.10079795
data_external/test/images/image10474.jpg,0,0.00029415995,0.0026860835
data_external/test/images/image10475.jpg,1,0.9766714,0.11072483
data_external/test/images/image10476.jpg,0,0.00040693066,0.0035837416
data_external/test/images/image10477.jpg,1,0.98933214,0.059048176
data_external/test/images/image10478.jpg,1,0.98974305,0.057178803
data_external/test/images/image10479.jpg,1,0.99654853,0.02301139
data_external/test/images/image10480.jpg,1,0.94702554,0.20718202
data_external/test/images/image10481.jpg,1,0.94282585,0.21912013
data_external/test/images/image10482.jpg,1,0.9880024,0.064991474
data_external/test/images/image10483.jpg,1,0.9924283,0.044518013
data_external/test/images/image10484.jpg,1,0.9859018,0.07408078
data_external/test/images/image10485.jpg,0,0.00053803326,0.00458799
data_external/test/images/image10486.jpg,1,0.9347106,0.24127987
data_external/test/images/image10487.jpg,1,0.97306883,0.12390713
data_external/test/images/image10488.jpg,1,0.9923131,0.04507911
data_external/test/images/image10489.jpg,1,0.9787071,0.10302921
data_external/test/images/image10490.jpg,1,0.9787982,0.10268009
data_external/test/images/image10491.jpg,1,0.99248725,0.044230297
data_external/test/images/image10492.jpg,1,0.9613174,0.16373453
data_external/test/images/image10493.jpg,1,0.9144171,0.29219738
data_external/test/images/image10494.jpg,1,0.9985872,0.010682967
data_external/test/images/image10495.jpg,1,0.97222155,0.12693296
data_external/test/images/image10496.jpg,1,0.97572976,0.11422223
data_external/test/images/image10497.jpg,1,0.7836353,0.5222682
data_external/test/images/image10498.jpg,0,0.00049338804,0.0042499187
data_external/test/images/image10499.jpg,0,0.00012901759,0.0012843315
data_external/test/images/image10500.jpg,1,0.9805258,0.0959855
data_external/test/images/image10501.jpg,1,0.9634513,0.1568161
data_external/test/images/image10502.jpg,1,0.98468703,0.07918872
data_external/test/images/image10503.jpg,1,0.99314964,0.04096505
data_external/test/images/image10504.jpg,1,0.976798,0.1102517
data_external/test/images/image10505.jpg,1,0.97313935,0.123653896
data_external/test/images/image10506.jpg,1,0.98150253,0.09213256
data_external/test/images/image10507.jpg,0,0.0004140513,0.0036392985
data_external/test/images/image10508.jpg,0,0.00012995867,0.0012928878
data_external/test/images/image10509.jpg,0,0.0002728286,0.0025117765
data_external/test/images/image10510.jpg,1,0.9895512,0.058053732
data_external/test/images/image10511.jpg,0,0.00048916985,0.00421789
data_external/test/images/image10512.jpg,1,0.989332,0.059048615
data_external/test/images/image10513.jpg,1,0.99472296,0.032937888
data_external/test/images/image10514.jpg,1,0.8445241,0.43209118
data_external/test/images/image10515.jpg,1,0.85740995,0.4096374
data_external/test/images/image10516.jpg,0,0.86599714,0.39392573
data_external/test/images/image10517.jpg,0,0.00024186235,0.0022558584
data_external/test/images/image10518.jpg,1,0.97808075,0.105417415
data_external/test/images/image10519.jpg,0,0.000106302155,0.0010789013
data_external/test/images/image10520.jpg,1,0.99024653,0.05486553
data_external/test/images/image10521.jpg,0,0.0002257204,0.0021209437
data_external/test/images/image10522.jpg,0,0.9769492,0.10968566
data_external/test/images/image10523.jpg,0,0.95706207,0.17717119
data_external/test/images/image10524.jpg,1,0.9494098,0.20024948
data_external/test/images/image10525.jpg,1,0.9642733,0.15411703
data_external/test/images/image10526.jpg,0,0.00030597716,0.002781861
data_external/test/images/image10527.jpg,1,0.98289675,0.086540446
data_external/test/images/image10528.jpg,1,0.9837564,0.083035454
data_external/test/images/image10529.jpg,1,0.9714943,0.12950885
data_external/test/images/image10530.jpg,0,0.000267042,0.0024642923
data_external/test/images/image10531.jpg,0,0.00017998871,0.0017318341
data_external/test/images/image10532.jpg,1,0.9747428,0.11784771
data_external/test/images/image10533.jpg,1,0.7534067,0.55856144
data_external/test/images/image10534.jpg,0,0.00013769703,0.0013617969
data_external/test/images/image10535.jpg,1,0.95002365,0.19844554
data_external/test/images/image10536.jpg,0,0.00021008083,0.0019890426
data_external/test/images/image10537.jpg,1,0.8637668,0.3980663
data_external/test/images/image10538.jpg,1,0.98215455,0.089531094
data_external/test/images/image10539.jpg,1,0.9717053,0.1287634
data_external/test/images/image10540.jpg,0,0.9720923,0.12739207
data_external/test/images/image10541.jpg,0,0.00032305226,0.002919591
data_external/test/images/image10542.jpg,0,0.99740523,0.018041011
data_external/test/images/image10543.jpg,0,0.00021427723,0.0020245707
data_external/test/images/image10544.jpg,0,6.532882e-05,0.0006948281
data_external/test/images/image10545.jpg,0,0.00016119007,0.0015687493
data_external/test/images/image10546.jpg,0,0.95073366,0.19634922
data_external/test/images/image10547.jpg,0,0.9643238,0.15395057
data_external/test/images/image10548.jpg,1,0.97297364,0.12424828
data_external/test/images/image10549.jpg,0,0.9854619,0.075942256
data_external/test/images/image10550.jpg,0,0.00030244468,0.0027532133
data_external/test/images/image10551.jpg,1,0.9558639,0.18087325
data_external/test/images/image10552.jpg,1,0.99183536,0.047386505
data_external/test/images/image10553.jpg,0,0.99494463,0.031771734
data_external/test/images/image10554.jpg,1,0.9763333,0.11198518
data_external/test/images/image10555.jpg,0,0.9735429,0.1222021
data_external/test/images/image10556.jpg,1,0.9911388,0.05070048
data_external/test/images/image10557.jpg,0,0.00037498763,0.0033330861
data_external/test/images/image10558.jpg,1,0.9848813,0.07837884
data_external/test/images/image10559.jpg,0,0.99363726,0.038520966
data_external/test/images/image10560.jpg,1,0.99446154,0.03430122
data_external/test/images/image10561.jpg,0,0.97500885,0.11687449
data_external/test/images/image10562.jpg,0,0.9518011,0.1931773
data_external/test/images/image10563.jpg,0,0.96959406,0.13615033
data_external/test/images/image10564.jpg,0,0.0002138944,0.002021302
data_external/test/images/image10565.jpg,1,0.9929962,0.041727215
data_external/test/images/image10566.jpg,1,0.97801316,0.10567374
data_external/test/images/image10567.jpg,0,9.233893e-05,0.0009501461
data_external/test/images/image10568.jpg,0,0.98371184,0.08321825
data_external/test/images/image10569.jpg,1,0.820215,0.47106737
data_external/test/images/image10570.jpg,1,0.9587299,0.17195976
data_external/test/images/image10571.jpg,0,0.9274015,0.26030922
data_external/test/images/image10572.jpg,0,0.00013386697,0.001327708
data_external/test/images/image10573.jpg,1,0.96014434,0.16748509
data_external/test/images/image10574.jpg,0,0.00046298024,0.0040175137
data_external/test/images/image10575.jpg,0,0.00020686259,0.0019617658
data_external/test/images/image10576.jpg,1,0.98394567,0.08225756
data_external/test/images/image10577.jpg,1,0.96754396,0.14317848
data_external/test/images/image10578.jpg,1,0.83778536,0.44332403
data_external/test/images/image10579.jpg,1,0.95752877,0.17571995
data_external/test/images/image10580.jpg,0,5.9790294e-05,0.00064127194
data_external/test/images/image10581.jpg,0,3.118292e-05,0.0003547651
data_external/test/images/image10582.jpg,1,0.9823701,0.08866596
data_external/test/images/image10583.jpg,1,0.9539798,0.18662569
data_external/test/images/image10584.jpg,1,0.99184877,0.04732232
data_external/test/images/image10585.jpg,1,0.96668166,0.14609419
data_external/test/images/image10586.jpg,0,3.0460033e-05,0.00034720427
data_external/test/images/image10587.jpg,1,0.87950104,0.36791795
data_external/test/images/image10588.jpg,1,0.96318567,0.15768434
data_external/test/images/image10589.jpg,1,0.962449,0.16008136
data_external/test/images/image10590.jpg,0,1.7455266e-05,0.00020863203
data_external/test/images/image10591.jpg,0,1.18433645e-05,0.00014625894
data_external/test/images/image10592.jpg,0,0.9791804,0.10121194
data_external/test/images/image10593.jpg,0,0.99343383,0.03954518
data_external/test/images/image10594.jpg,0,0.9834702,0.084207445
data_external/test/images/image10595.jpg,0,0.9937966,0.03771384
data_external/test/images/image10596.jpg,0,0.58916837,0.6771598
data_external/test/images/image10597.jpg,0,2.1968344e-05,0.0002574951
data_external/test/images/image10598.jpg,0,0.9898708,0.056594484
data_external/test/images/image10599.jpg,0,0.9765387,0.11122018
data_external/test/images/image10600.jpg,1,0.3613642,0.65419906
data_external/test/images/image10601.jpg,1,0.967473,0.1434195
data_external/test/images/image10602.jpg,1,0.8948479,0.33625793
data_external/test/images/image10603.jpg,1,0.92970735,0.25439528
data_external/test/images/image10604.jpg,1,0.59085536,0.67654574
data_external/test/images/image10605.jpg,1,0.9630654,0.1580767
data_external/test/images/image10606.jpg,1,0.9429416,0.21879585
data_external/test/images/image10607.jpg,0,0.6648987,0.6377326
data_external/test/images/image10608.jpg,0,0.95330405,0.18866925
data_external/test/images/image10609.jpg,0,0.00021337013,0.0020167995
data_external/test/images/image10610.jpg,1,0.67446357,0.6309725
data_external/test/images/image10611.jpg,1,0.9473542,0.20623323
data_external/test/images/image10612.jpg,1,0.3660885,0.6568411
data_external/test/images/image10613.jpg,0,0.9081894,0.30670696
data_external/test/images/image10614.jpg,1,0.94835997,0.20331633
data_external/test/images/image10615.jpg,1,0.99111754,0.050800763
data_external/test/images/image10616.jpg,0,3.4175082e-05,0.00038554028
data_external/test/images/image10617.jpg,1,0.92671067,0.26206547
data_external/test/images/image10618.jpg,1,0.9621988,0.1608924
data_external/test/images/image10619.jpg,1,0.9295046,0.25491863
data_external/test/images/image10620.jpg,1,0.80718887,0.49027348
data_external/test/images/image10621.jpg,1,0.93789274,0.23272666
data_external/test/images/image10622.jpg,1,0.85424066,0.4152821
data_external/test/images/image10623.jpg,0,6.292791e-05,0.00067172456
data_external/test/images/image10624.jpg,1,0.9722925,0.1266806
data_external/test/images/image10625.jpg,0,4.5223307e-05,0.00049763825
data_external/test/images/image10626.jpg,0,2.0175405e-05,0.0002382534
data_external/test/images/image10627.jpg,1,0.921259,0.27568367
data_external/test/images/image10628.jpg,1,0.9783371,0.10444221
data_external/test/images/image10629.jpg,1,0.36080673,0.65388095
data_external/test/images/image10630.jpg,1,0.9858987,0.07409412
data_external/test/images/image10631.jpg,1,0.96887916,0.13861679
data_external/test/images/image10632.jpg,1,0.966211,0.14767584
data_external/test/images/image10633.jpg,0,0.0011666009,0.009044718
data_external/test/images/image10634.jpg,0,6.387515e-05,0.000680887
data_external/test/images/image10635.jpg,0,4.2086795e-05,0.00046618673
data_external/test/images/image10636.jpg,1,0.97459763,0.11837755
data_external/test/images/image10637.jpg,1,0.89719725,0.33119786
data_external/test/images/image10638.jpg,0,0.9402916,0.22616456
data_external/test/images/image10639.jpg,1,0.9338243,0.24363253
data_external/test/images/image10640.jpg,1,0.9613832,0.16352299
data_external/test/images/image10641.jpg,0,0.0001848834,0.0017740249
data_external/test/images/image10642.jpg,1,0.9826472,0.08754973
data_external/test/images/image10643.jpg,1,0.9737792,0.1213491
data_external/test/images/image10644.jpg,0,0.9626993,0.15926857
data_external/test/images/image10645.jpg,0,0.42025077,0.68037283
data_external/test/images/image10646.jpg,0,8.0868835e-05,0.000842812
data_external/test/images/image10647.jpg,1,0.9714778,0.129567
data_external/test/images/image10648.jpg,0,0.00022810126,0.002140805
data_external/test/images/image10649.jpg,0,0.9908652,0.051986996
data_external/test/images/image10650.jpg,1,0.98379624,0.082871795
data_external/test/images/image10651.jpg,0,0.00020991004,0.0019875288
data_external/test/images/image10652.jpg,1,0.9502045,0.19791274
data_external/test/images/image10653.jpg,1,0.9791304,0.10140449
data_external/test/images/image10654.jpg,0,0.0002919044,0.002667785
data_external/test/images/image10655.jpg,0,9.250328e-05,0.0009517468
data_external/test/images/image10656.jpg,0,7.273948e-05,0.00076587196
data_external/test/images/image10657.jpg,1,0.9528521,0.19003022
data_external/test/images/image10658.jpg,0,0.00016499776,0.0016021424
data_external/test/images/image10659.jpg,0,0.00016281729,0.0015830526
data_external/test/images/image10660.jpg,1,0.9878605,0.06561652
data_external/test/images/image10661.jpg,1,0.9741729,0.119923115
data_external/test/images/image10662.jpg,1,0.9880684,0.06470004
data_external/test/images/image10663.jpg,1,0.9845265,0.07985646
data_external/test/images/image10664.jpg,1,0.80317765,0.49596554
data_external/test/images/image10665.jpg,1,0.9639328,0.15523738
data_external/test/images/image10666.jpg,0,7.301211e-05,0.00076837535
data_external/test/images/image10667.jpg,1,0.9946292,0.03342831
data_external/test/images/image10668.jpg,1,0.9857783,0.07460519
data_external/test/images/image10669.jpg,0,0.00011780319,0.0011834678
data_external/test/images/image10670.jpg,0,0.8531662,0.41717744
data_external/test/images/image10671.jpg,1,0.9850745,0.077570565
data_external/test/images/image10672.jpg,1,0.99678695,0.021652317
data_external/test/images/image10673.jpg,1,0.98095894,0.09428324
data_external/test/images/image10674.jpg,1,0.96474653,0.15255421
data_external/test/images/image10675.jpg,1,0.9753195,0.11573422
data_external/test/images/image10676.jpg,1,0.9537214,0.18740848
data_external/test/images/image10677.jpg,0,9.36848e-05,0.0009626645
data_external/test/images/image10678.jpg,0,0.00021243718,0.002008951
data_external/test/images/image10679.jpg,1,0.6630331,0.63900316
data_external/test/images/image10680.jpg,0,0.0005537031,0.0047057183
data_external/test/images/image10681.jpg,0,0.9505888,0.1967777
data_external/test/images/image10682.jpg,1,0.9414101,0.2230698
data_external/test/images/image10683.jpg,0,0.9869222,0.06970796
data_external/test/images/image10684.jpg,0,0.98441195,0.08033169
data_external/test/images/image10685.jpg,0,0.8675734,0.39097375
data_external/test/images/image10686.jpg,0,0.987241,0.068325914
data_external/test/images/image10687.jpg,0,0.96806836,0.14139386
data_external/test/images/image10688.jpg,0,4.8775895e-05,0.00053300586
data_external/test/images/image10689.jpg,0,0.00027461365,0.002526482
data_external/test/images/image10690.jpg,0,0.9712565,0.13034676
data_external/test/images/image10691.jpg,0,0.98821944,0.06403182
data_external/test/images/image10692.jpg,0,0.6306982,0.65858305
data_external/test/images/image10693.jpg,0,0.9668985,0.14536332
data_external/test/images/image10694.jpg,0,0.9770481,0.10931514
data_external/test/images/image10695.jpg,1,0.9472138,0.20663866
data_external/test/images/image10696.jpg,0,0.94722337,0.2066113
data_external/test/images/image10697.jpg,0,0.00013254605,0.0013159304
data_external/test/images/image10698.jpg,0,0.9840483,0.08183506
data_external/test/images/image10699.jpg,0,0.9760031,0.113210976
data_external/test/images/image10700.jpg,0,0.9882383,0.06394844
data_external/test/images/image10701.jpg,0,0.9740298,0.12044231
data_external/test/images/image10702.jpg,0,0.98275983,0.08709468
data_external/test/images/image10703.jpg,0,0.0004879593,0.00420868
data_external/test/images/image10704.jpg,0,0.9825853,0.087799415
data_external/test/images/image10705.jpg,0,0.4266006,0.6823332
data_external/test/images/image10706.jpg,1,0.9279775,0.25883925
data_external/test/images/image10707.jpg,0,0.0001456224,0.0014320341
data_external/test/images/image10708.jpg,0,0.9697212,0.13571003
data_external/test/images/image10709.jpg,0,0.9635374,0.15653443
data_external/test/images/image10710.jpg,0,0.9731085,0.12376506
data_external/test/images/image10711.jpg,0,0.99244916,0.04441598
data_external/test/images/image10712.jpg,0,0.0006767456,0.005615547
data_external/test/images/image10713.jpg,0,0.99015397,0.05529291
data_external/test/images/image10714.jpg,0,0.9678225,0.14223179
data_external/test/images/image10715.jpg,0,0.9861425,0.07305639
data_external/test/images/image10716.jpg,0,0.7542539,0.5576133
data_external/test/images/image10717.jpg,0,0.9933767,0.039831426
data_external/test/images/image10718.jpg,0,0.9850203,0.077797815
data_external/test/images/image10719.jpg,0,0.9694287,0.13672243
data_external/test/images/image10720.jpg,0,0.000148314,0.0014558381
data_external/test/images/image10721.jpg,0,0.00061950705,0.0051953713
data_external/test/images/image10722.jpg,0,0.92525023,0.26575536
data_external/test/images/image10723.jpg,0,0.74804354,0.56447434
data_external/test/images/image10724.jpg,0,4.910226e-05,0.00053621666
data_external/test/images/image10725.jpg,0,0.991222,0.05030742
data_external/test/images/image10726.jpg,0,2.2532087e-05,0.0002636861
data_external/test/images/image10727.jpg,0,0.9182304,0.2830702
data_external/test/images/image10728.jpg,1,0.94851255,0.2028717
data_external/test/images/image10729.jpg,1,0.96618074,0.1477773
data_external/test/images/image10730.jpg,0,0.5579873,0.68640697
data_external/test/images/image10731.jpg,1,0.970192,0.13407391
data_external/test/images/image10732.jpg,1,0.9800319,0.097915135
data_external/test/images/image10733.jpg,1,0.95606923,0.18024127
data_external/test/images/image10734.jpg,1,0.9447139,0.21379496
data_external/test/images/image10735.jpg,0,0.61147004,0.66808593
data_external/test/images/image10736.jpg,0,0.6360291,0.65566874
data_external/test/images/image10737.jpg,0,4.8410864e-05,0.0005293878
data_external/test/images/image10738.jpg,1,0.9736979,0.121643096
data_external/test/images/image10739.jpg,1,0.93977517,0.22758576
data_external/test/images/image10740.jpg,0,0.00012897028,0.0012839552
data_external/test/images/image10741.jpg,1,0.9505939,0.19676293
data_external/test/images/image10742.jpg,0,3.1361193e-05,0.00035661482
data_external/test/images/image10743.jpg,1,0.9902257,0.054961707
data_external/test/images/image10744.jpg,1,0.9247027,0.2671308
data_external/test/images/image10745.jpg,0,6.7229004e-05,0.00071311806
data_external/test/images/image10746.jpg,1,0.96468955,0.15274277
data_external/test/images/image10747.jpg,0,4.0380404e-05,0.0004488768
data_external/test/images/image10748.jpg,0,0.00010569716,0.0010733138
data_external/test/images/image10749.jpg,0,0.7855555,0.51978606
data_external/test/images/image10750.jpg,1,0.9520014,0.1925796
data_external/test/images/image10751.jpg,1,0.94923913,0.20074964
data_external/test/images/image10752.jpg,1,0.9543038,0.18564245
data_external/test/images/image10753.jpg,1,0.96554613,0.1498986
data_external/test/images/image10754.jpg,1,0.9166646,0.28684083
data_external/test/images/image10755.jpg,1,0.9564841,0.17896119
data_external/test/images/image10756.jpg,0,0.0003385291,0.0030435799
data_external/test/images/image10757.jpg,1,0.9897567,0.05711649
data_external/test/images/image10758.jpg,1,0.97501636,0.116846845
data_external/test/images/image10759.jpg,1,0.97943026,0.10024823
data_external/test/images/image10760.jpg,1,0.9645181,0.15330952
data_external/test/images/image10761.jpg,0,4.425367e-05,0.00048788404
data_external/test/images/image10762.jpg,1,0.96641755,0.14698267
data_external/test/images/image10763.jpg,0,8.134931e-05,0.0008473342
data_external/test/images/image10764.jpg,1,0.92758745,0.25983515
data_external/test/images/image10765.jpg,1,0.9942578,0.03535493
data_external/test/images/image10766.jpg,1,0.9815905,0.09178287
data_external/test/images/image10767.jpg,0,8.239847e-05,0.00085723074
data_external/test/images/image10768.jpg,1,0.9574982,0.17581524
data_external/test/images/image10769.jpg,1,0.928983,0.2562617
data_external/test/images/image10770.jpg,1,0.9532471,0.18884107
data_external/test/images/image10771.jpg,0,6.103542e-05,0.00065331446
data_external/test/images/image10772.jpg,1,0.8952525,0.3353906
data_external/test/images/image10773.jpg,1,0.94213223,0.22105986
data_external/test/images/image10774.jpg,1,0.97369695,0.12164644
data_external/test/images/image10775.jpg,1,0.9714126,0.12979704
data_external/test/images/image10776.jpg,1,0.9649819,0.15177453
data_external/test/images/image10777.jpg,0,5.720022e-05,0.0006159355
data_external/test/images/image10778.jpg,1,0.978815,0.10261583
data_external/test/images/image10779.jpg,1,0.9826274,0.08762932
data_external/test/images/image10780.jpg,1,0.9448443,0.21342492
data_external/test/images/image10781.jpg,1,0.9443149,0.2149261
data_external/test/images/image10782.jpg,1,0.959807,0.16855706
data_external/test/images/image10783.jpg,1,0.9794511,0.10016756
data_external/test/images/image10784.jpg,0,3.5501584e-05,0.00039926058
data_external/test/images/image10785.jpg,1,0.9769481,0.10968989
data_external/test/images/image10786.jpg,1,0.8964828,0.33274296
data_external/test/images/image10787.jpg,1,0.96884954,0.13871878
data_external/test/images/image10788.jpg,0,4.790327e-05,0.0005243726
data_external/test/images/image10789.jpg,0,0.91345096,0.29448
data_external/test/images/image10790.jpg,0,4.040343e-05,0.00044908668
data_external/test/images/image10791.jpg,1,0.9748706,0.11738056
data_external/test/images/image10792.jpg,1,0.859023,0.40673304
data_external/test/images/image10793.jpg,1,0.9255897,0.2649004
data_external/test/images/image10794.jpg,1,0.9760268,0.11312343
data_external/test/images/image10795.jpg,0,0.00027136167,0.0024997708
data_external/test/images/image10796.jpg,1,0.98286164,0.08668279
data_external/test/images/image10797.jpg,1,0.9939169,0.037101805
data_external/test/images/image10798.jpg,0,0.0014599076,0.010991174
data_external/test/images/image10799.jpg,1,0.9196857,0.27953628
data_external/test/images/image10800.jpg,1,0.9601384,0.16750391
data_external/test/images/image10801.jpg,1,0.99428236,0.035228368
data_external/test/images/image10802.jpg,1,0.90292066,0.3186178
data_external/test/images/image10803.jpg,1,0.9517683,0.19327554
data_external/test/images/image10804.jpg,1,0.9840251,0.08193042
data_external/test/images/image10805.jpg,1,0.9308342,0.25147593
data_external/test/images/image10806.jpg,1,0.96245086,0.16007522
data_external/test/images/image10807.jpg,0,6.0504834e-05,0.0006481575
data_external/test/images/image10808.jpg,1,0.92348856,0.27016532
data_external/test/images/image10809.jpg,0,2.614951e-05,0.00030207736
data_external/test/images/image10810.jpg,1,0.97610766,0.11282341
data_external/test/images/image10811.jpg,1,0.9567658,0.17809002
data_external/test/images/image10812.jpg,0,5.4409196e-05,0.00058870984
data_external/test/images/image10813.jpg,0,9.259092e-05,0.00095253275
data_external/test/images/image10814.jpg,1,0.9762241,0.112390876
data_external/test/images/image10815.jpg,1,0.96865356,0.13939187
data_external/test/images/image10816.jpg,1,0.9729895,0.12419163
data_external/test/images/image10817.jpg,1,0.921065,0.27616042
data_external/test/images/image10818.jpg,0,0.96292305,0.1585406
data_external/test/images/image10819.jpg,0,0.00011694654,0.0011757372
data_external/test/images/image10820.jpg,1,0.9153627,0.28995162
data_external/test/images/image10821.jpg,1,0.98258126,0.08781582
data_external/test/images/image10822.jpg,0,0.00010397384,0.0010575773
data_external/test/images/image10823.jpg,1,0.99045825,0.053885184
data_external/test/images/image10824.jpg,0,0.5644587,0.6848142
data_external/test/images/image10825.jpg,1,0.98946494,0.05844612
data_external/test/images/image10826.jpg,0,4.7232807e-05,0.0005175948
data_external/test/images/image10827.jpg,1,0.9574228,0.17604998
data_external/test/images/image10828.jpg,0,0.46541375,0.69075286
data_external/test/images/image10829.jpg,0,7.008819e-05,0.00074046955
data_external/test/images/image10830.jpg,1,0.9745352,0.1186053
data_external/test/images/image10831.jpg,0,8.4186235e-05,0.00087408343
data_external/test/images/image10832.jpg,1,0.991165,0.05057668
data_external/test/images/image10833.jpg,1,0.96229696,0.16057412
data_external/test/images/image10834.jpg,1,0.99519515,0.03044217
data_external/test/images/image10835.jpg,1,0.96363866,0.15620263
data_external/test/images/image10836.jpg,1,0.9687378,0.13910273
data_external/test/images/image10837.jpg,1,0.953923,0.18679824
data_external/test/images/image10838.jpg,0,0.61078143,0.66839725
data_external/test/images/image10839.jpg,1,0.97359174,0.12202596
data_external/test/images/image10840.jpg,0,9.6873686e-05,0.0009922191
data_external/test/images/image10841.jpg,0,0.00017043728,0.0016494131
data_external/test/images/image10842.jpg,1,0.9704048,0.13333216
data_external/test/images/image10843.jpg,1,0.9960067,0.02604074
data_external/test/images/image10844.jpg,1,0.99574655,0.027468413
data_external/test/images/image10845.jpg,1,0.99655336,0.022984464
data_external/test/images/image10846.jpg,1,0.95615023,0.17999142
data_external/test/images/image10847.jpg,0,0.6685102,0.63522863
data_external/test/images/image10848.jpg,1,0.9448337,0.2134549
data_external/test/images/image10849.jpg,1,0.98200434,0.09013252
data_external/test/images/image10850.jpg,0,0.9769541,0.109667584
data_external/test/images/image10851.jpg,1,0.9845741,0.079659015
data_external/test/images/image10852.jpg,1,0.9616042,0.16281193
data_external/test/images/image10853.jpg,1,0.9911332,0.050727084
data_external/test/images/image10854.jpg,1,0.96682054,0.14562629
data_external/test/images/image10855.jpg,1,0.97908616,0.10157479
data_external/test/images/image10856.jpg,0,0.00020075956,0.0019098652
data_external/test/images/image10857.jpg,0,0.8739917,0.37872759
data_external/test/images/image10858.jpg,1,0.9710396,0.1311097
data_external/test/images/image10859.jpg,0,0.00015978322,0.0015564933
data_external/test/images/image10860.jpg,1,9.178601e-05,0.0009450839
data_external/test/images/image10861.jpg,1,0.9874947,0.06722003
data_external/test/images/image10862.jpg,1,0.98783857,0.06571279
data_external/test/images/image10863.jpg,0,0.00062278146,0.005219551
data_external/test/images/image10864.jpg,0,0.00014038925,0.0013857549
data_external/test/images/image10865.jpg,0,0.00014263533,0.0014057405
data_external/test/images/image10866.jpg,0,0.65013385,0.6473637
data_external/test/images/image10867.jpg,1,0.973097,0.12380599
data_external/test/images/image10868.jpg,1,0.98394316,0.08226779
data_external/test/images/image10869.jpg,1,0.984469,0.08009506
data_external/test/images/image10870.jpg,1,0.97961444,0.09953584
data_external/test/images/image10871.jpg,1,0.97732055,0.10829147
data_external/test/images/image10872.jpg,0,0.00028921434,0.0026457673
data_external/test/images/image10873.jpg,1,0.9714451,0.12968254
data_external/test/images/image10874.jpg,0,0.00016157202,0.0015721793
data_external/test/images/image10875.jpg,0,0.00014508802,0.0014274295
data_external/test/images/image10876.jpg,1,0.9477681,0.20503514
data_external/test/images/image10877.jpg,1,0.97073245,0.13218695
data_external/test/images/image10878.jpg,0,0.00019932896,0.0018977409
data_external/test/images/image10879.jpg,1,0.9756801,0.11440571
data_external/test/images/image10880.jpg,1,0.98333174,0.084772386
data_external/test/images/image10881.jpg,0,8.155516e-05,0.00084942416
data_external/test/images/image10882.jpg,0,0.7334749,0.5797719
data_external/test/images/image10883.jpg,0,0.00040803276,0.0035923738
data_external/test/images/image10884.jpg,0,0.0001391177,0.0013744297
data_external/test/images/image10885.jpg,0,0.00014262198,0.0014056356
data_external/test/images/image10886.jpg,0,0.00011334302,0.0011430834
data_external/test/images/image10887.jpg,1,0.96160716,0.16280252
data_external/test/images/image10888.jpg,0,0.00010596817,0.0010758215
data_external/test/images/image10889.jpg,1,0.94994134,0.19868793
data_external/test/images/image10890.jpg,1,0.99487203,0.03215471
data_external/test/images/image10891.jpg,1,0.98485166,0.07850259
data_external/test/images/image10892.jpg,0,0.02924963,0.13212408
data_external/test/images/image10893.jpg,1,0.98761946,0.06667429
data_external/test/images/image10894.jpg,1,0.94573236,0.21089444
data_external/test/images/image10895.jpg,1,0.98008364,0.09771353
data_external/test/images/image10896.jpg,1,0.93568367,0.23868242
data_external/test/images/image10897.jpg,1,0.99719065,0.019309863
data_external/test/images/image10898.jpg,0,0.00043446542,0.0037977817
data_external/test/images/image10899.jpg,0,0.54665154,0.6887881
data_external/test/images/image10900.jpg,1,0.9772685,0.10848696
data_external/test/images/image10901.jpg,0,0.92990905,0.25387403
data_external/test/images/image10902.jpg,1,0.9888919,0.06103345
data_external/test/images/image10903.jpg,1,0.9632064,0.15761659
data_external/test/images/image10904.jpg,0,9.47514e-05,0.00097261753
data_external/test/images/image10905.jpg,1,0.96660066,0.14636716
data_external/test/images/image10906.jpg,0,7.8881596e-05,0.00082420185
data_external/test/images/image10907.jpg,1,0.9779512,0.10590901
data_external/test/images/image10908.jpg,1,0.9953792,0.029456776
data_external/test/images/image10909.jpg,1,0.9421251,0.22107981
data_external/test/images/image10910.jpg,0,0.00014579756,0.0014336448
data_external/test/images/image10911.jpg,1,0.961187,0.16415335
data_external/test/images/image10912.jpg,1,0.93167377,0.24928764
data_external/test/images/image10913.jpg,0,7.5983975e-05,0.0007966901
data_external/test/images/image10914.jpg,0,3.949752e-05,0.0004399832
data_external/test/images/image10915.jpg,1,0.96321976,0.15757298
data_external/test/images/image10916.jpg,1,0.95733994,0.17630771
data_external/test/images/image10917.jpg,1,0.97608066,0.11292368
data_external/test/images/image10918.jpg,0,3.0111396e-05,0.00034362738
data_external/test/images/image10919.jpg,1,0.95497876,0.18358599
data_external/test/images/image10920.jpg,1,0.99151254,0.0489297
data_external/test/images/image10921.jpg,1,0.9833226,0.084809445
data_external/test/images/image10922.jpg,0,5.7413727e-05,0.00061804574
data_external/test/images/image10923.jpg,1,0.97458506,0.118423566
data_external/test/images/image10924.jpg,1,0.94432724,0.21489125
data_external/test/images/image10925.jpg,0,0.5816403,0.67975706
data_external/test/images/image10926.jpg,1,0.9557473,0.18123148
data_external/test/images/image10927.jpg,1,0.9610181,0.16469504
data_external/test/images/image10928.jpg,0,0.6907231,0.61852086
data_external/test/images/image10929.jpg,1,0.965764,0.14917171
data_external/test/images/image10930.jpg,1,0.97871506,0.10299845
data_external/test/images/image10931.jpg,0,0.00018570559,0.0017811622
data_external/test/images/image10932.jpg,0,6.6391265e-05,0.0007050677
data_external/test/images/image10933.jpg,0,0.0012198238,0.009402973
data_external/test/images/image10934.jpg,1,0.9736922,0.12166367
data_external/test/images/image10935.jpg,1,0.9963194,0.024301829
data_external/test/images/image10936.jpg,1,0.9706657,0.13242038
data_external/test/images/image10937.jpg,0,0.9564884,0.17894793
data_external/test/images/image10938.jpg,1,0.93427885,0.24242738
data_external/test/images/image10939.jpg,0,0.7413485,0.5716417
data_external/test/images/image10940.jpg,0,0.6008725,0.6726563
data_external/test/images/image10941.jpg,1,0.9616771,0.16257718
data_external/test/images/image10942.jpg,1,0.9604579,0.1664862
data_external/test/images/image10943.jpg,1,0.9872342,0.06835571
data_external/test/images/image10944.jpg,0,0.73172456,0.581536
data_external/test/images/image10945.jpg,0,0.00024954992,0.0023197527
data_external/test/images/image10946.jpg,0,0.8177799,0.47474328
data_external/test/images/image10947.jpg,0,0.7797136,0.52727026
data_external/test/images/image10948.jpg,0,4.8626054e-05,0.00053148903
data_external/test/images/image10949.jpg,0,0.8381809,0.44267404
data_external/test/images/image10950.jpg,0,6.7038316e-05,0.00071123807
data_external/test/images/image10951.jpg,0,6.766272e-05,0.00071726704
data_external/test/images/image10952.jpg,1,0.98071975,0.09522466
data_external/test/images/image10953.jpg,0,0.79461634,0.5077758
data_external/test/images/image10954.jpg,0,4.795965e-05,0.00052493653
data_external/test/images/image10955.jpg,1,0.98241335,0.088491954
data_external/test/images/image10956.jpg,1,0.9657103,0.14935106
data_external/test/images/image10957.jpg,1,0.98023766,0.09711262
data_external/test/images/image10958.jpg,0,0.9751003,0.11653914
data_external/test/images/image10959.jpg,1,0.98791206,0.06538968
data_external/test/images/image10960.jpg,1,0.99970603,0.002684532
data_external/test/images/image10961.jpg,0,0.984944,0.078116775
data_external/test/images/image10962.jpg,0,0.005641197,0.034833465
data_external/test/images/image10963.jpg,0,0.99595153,0.026345113
data_external/test/images/image10964.jpg,0,0.9966643,0.022354139
data_external/test/images/image10965.jpg,0,0.005954541,0.036445484
data_external/test/images/image10966.jpg,0,0.99597585,0.026210638
data_external/test/images/image10967.jpg,0,0.9974069,0.018031463
data_external/test/images/image10968.jpg,0,0.9984073,0.011852149
data_external/test/images/image10969.jpg,0,0.013594845,0.071933486
data_external/test/images/image10970.jpg,1,0.99907947,0.0073551275
data_external/test/images/image10971.jpg,0,0.9988267,0.009090198
data_external/test/images/image10972.jpg,0,0.010030047,0.056139532
data_external/test/images/image10973.jpg,0,0.009330977,0.052904174
data_external/test/images/image10974.jpg,0,0.9989622,0.008167614
data_external/test/images/image10975.jpg,0,0.99814534,0.013518511
data_external/test/images/image10976.jpg,0,0.040581513,0.16978785
data_external/test/images/image10977.jpg,0,0.014063762,0.07393444
data_external/test/images/image10978.jpg,0,0.43366307,0.68432
data_external/test/images/image10979.jpg,1,0.9965379,0.023071684
data_external/test/images/image10980.jpg,0,0.9857256,0.07482809
data_external/test/images/image10981.jpg,0,0.9995226,0.0041278712
data_external/test/images/image10982.jpg,1,0.99417096,0.035801943
data_external/test/images/image10983.jpg,0,0.9610797,0.16449755
data_external/test/images/image10984.jpg,0,0.9974169,0.017971626
data_external/test/images/image10985.jpg,0,0.096258365,0.31678313
data_external/test/images/image10986.jpg,1,0.99916536,0.006750656
data_external/test/images/image10987.jpg,0,0.99917877,0.0066553503
data_external/test/images/image10988.jpg,1,0.99870414,0.009910406
data_external/test/images/image10989.jpg,0,0.9955826,0.028359767
data_external/test/images/image10990.jpg,1,0.9985376,0.011007413
data_external/test/images/image10991.jpg,0,0.015613344,0.080436565
data_external/test/images/image10992.jpg,1,0.99587876,0.026745383
data_external/test/images/image10993.jpg,1,0.9986499,0.0102706095
data_external/test/images/image10994.jpg,0,0.002505201,0.017506648
data_external/test/images/image10995.jpg,1,0.997102,0.019828707
data_external/test/images/image10996.jpg,0,0.99747354,0.017633878
data_external/test/images/image10997.jpg,0,0.99956685,0.0037871324
data_external/test/images/image10998.jpg,1,0.99893785,0.008334775
data_external/test/images/image10999.jpg,0,0.99581337,0.0271029
data_external/test/images/image11000.jpg,0,0.004988449,0.031417884
data_external/test/images/image11001.jpg,0,0.0007901035,0.0064337803
data_external/test/images/image11002.jpg,0,0.006511616,0.03927094
data_external/test/images/image11003.jpg,0,0.057234593,0.21928965
data_external/test/images/image11004.jpg,0,0.008743461,0.050144367
data_external/test/images/image11005.jpg,0,0.00071095227,0.0058642677
data_external/test/images/image11006.jpg,0,0.006657087,0.040000595
data_external/test/images/image11007.jpg,0,0.022204474,0.10649876
data_external/test/images/image11008.jpg,0,0.0022673788,0.016071144
data_external/test/images/image11009.jpg,0,0.002119764,0.015167625
data_external/test/images/image11010.jpg,0,0.005122417,0.0321255
data_external/test/images/image11011.jpg,0,0.0032330016,0.021766918
data_external/test/images/image11012.jpg,0,0.0032483928,0.021855077
data_external/test/images/image11013.jpg,0,0.0035820573,0.023749122
data_external/test/images/image11014.jpg,0,0.0031902557,0.021521602
data_external/test/images/image11015.jpg,0,0.0024212962,0.017002877
data_external/test/images/image11016.jpg,0,0.0016004166,0.011901881
data_external/test/images/image11017.jpg,0,0.0022558523,0.016000979
data_external/test/images/image11018.jpg,0,0.0057308143,0.03529622
data_external/test/images/image11019.jpg,0,0.008454181,0.048770957
data_external/test/images/image11020.jpg,0,0.005016499,0.03156637
data_external/test/images/image11021.jpg,0,0.002653557,0.01839058
data_external/test/images/image11022.jpg,0,0.00049777713,0.004283398
data_external/test/images/image11023.jpg,0,0.0067380727,0.0404056
data_external/test/images/image11024.jpg,0,0.39398316,0.67049646
data_external/test/images/image11025.jpg,0,0.9767109,0.110577434
data_external/test/images/image11026.jpg,0,0.9960239,0.025946528
data_external/test/images/image11027.jpg,0,0.9863064,0.07235613
data_external/test/images/image11028.jpg,0,0.85461134,0.41462606
data_external/test/images/image11029.jpg,0,0.73360604,0.57963914
data_external/test/images/image11030.jpg,0,0.03352292,0.1467826
data_external/test/images/image11031.jpg,0,0.2921132,0.604033
data_external/test/images/image11032.jpg,0,0.25865164,0.5716419
data_external/test/images/image11033.jpg,0,0.8877789,0.35113415
data_external/test/images/image11034.jpg,0,0.99589837,0.026637461
data_external/test/images/image11035.jpg,0,0.63126856,0.6582771
data_external/test/images/image11036.jpg,0,0.99433,0.034982316
data_external/test/images/image11037.jpg,0,0.6697597,0.6343487
data_external/test/images/image11038.jpg,0,0.16453212,0.4471094
data_external/test/images/image11039.jpg,0,0.78735703,0.51743734
data_external/test/images/image11040.jpg,0,0.99229693,0.0451575
data_external/test/images/image11041.jpg,0,0.42684877,0.6824065
data_external/test/images/image11042.jpg,0,0.92125493,0.27569357
data_external/test/images/image11043.jpg,0,0.87874323,0.36942157
data_external/test/images/image11044.jpg,0,0.06399194,0.23781297
data_external/test/images/image11045.jpg,0,0.99626917,0.024583291
data_external/test/images/image11046.jpg,0,0.9997025,0.0027132866
data_external/test/images/image11047.jpg,0,0.6379091,0.6546117
data_external/test/images/image11048.jpg,0,0.6040247,0.67134595
data_external/test/images/image11049.jpg,0,0.95876276,0.1718564
data_external/test/images/image11050.jpg,0,0.74952716,0.56285405
data_external/test/images/image11051.jpg,0,0.99740237,0.018058196
data_external/test/images/image11052.jpg,0,0.97651446,0.11131045
data_external/test/images/image11053.jpg,0,0.88074815,0.36543167
data_external/test/images/image11054.jpg,0,0.9900105,0.055953242
data_external/test/images/image11055.jpg,0,0.75759447,0.5538369
data_external/test/images/image11056.jpg,0,0.096052416,0.3163216
data_external/test/images/image11057.jpg,0,0.9477658,0.20504177
data_external/test/images/image11058.jpg,0,0.7311143,0.5821473
data_external/test/images/image11059.jpg,0,0.8408284,0.4382936
data_external/test/images/image11060.jpg,0,0.0021001427,0.015046907
data_external/test/images/image11061.jpg,0,0.3722457,0.66014004
data_external/test/images/image11062.jpg,0,0.5298004,0.69137
data_external/test/images/image11063.jpg,0,0.0028757227,0.019698747
data_external/test/images/image11064.jpg,0,0.36180907,0.654452
data_external/test/images/image11065.jpg,0,0.38215122,0.6651074
data_external/test/images/image11066.jpg,0,0.81266165,0.48234043
data_external/test/images/image11067.jpg,0,0.107315585,0.3408659
data_external/test/images/image11068.jpg,0,0.6152057,0.66636246
data_external/test/images/image11069.jpg,0,0.16783832,0.452442
data_external/test/images/image11070.jpg,0,0.42581975,0.682101
data_external/test/images/image11071.jpg,0,0.99770415,0.016244173
data_external/test/images/image11072.jpg,0,0.25961715,0.57265604
data_external/test/images/image11073.jpg,0,0.13866471,0.4025321
data_external/test/images/image11074.jpg,1,0.010600859,0.05874461
data_external/test/images/image11075.jpg,0,0.04303866,0.1774837
data_external/test/images/image11076.jpg,0,0.00025986796,0.0024051897
data_external/test/images/image11077.jpg,0,0.015176386,0.078619584
data_external/test/images/image11078.jpg,0,0.0015579772,0.011628117
data_external/test/images/image11079.jpg,0,0.01856215,0.09238921
data_external/test/images/image11080.jpg,0,0.08917569,0.30062646
data_external/test/images/image11081.jpg,0,0.13097389,0.38823378
data_external/test/images/image11082.jpg,0,0.0077335555,0.045305524
data_external/test/images/image11083.jpg,0,0.0037493652,0.02468691
data_external/test/images/image11084.jpg,0,0.0013680604,0.010388465
data_external/test/images/image11085.jpg,0,0.059326038,0.22510901
data_external/test/images/image11086.jpg,0,0.006524868,0.03933747
data_external/test/images/image11087.jpg,0,0.58185774,0.6796853
data_external/test/images/image11088.jpg,0,0.9987106,0.009867919
data_external/test/images/image11089.jpg,0,0.8606088,0.4038568
data_external/test/images/image11090.jpg,0,0.2815985,0.5944567
data_external/test/images/image11091.jpg,0,0.9009893,0.3229038
data_external/test/images/image11092.jpg,0,0.981997,0.090161785
data_external/test/images/image11093.jpg,0,0.9854883,0.07583119
data_external/test/images/image11094.jpg,0,0.5647585,0.68473625
data_external/test/images/image11095.jpg,0,0.2789298,0.5919397
data_external/test/images/image11096.jpg,0,0.9998457,0.0015090882
data_external/test/images/image11097.jpg,0,0.9731096,0.123760864
data_external/test/images/image11098.jpg,0,0.9914836,0.049066976
data_external/test/images/image11099.jpg,0,0.90704626,0.30931878
data_external/test/images/image11100.jpg,0,0.9995735,0.0037356464
data_external/test/images/image11101.jpg,0,0.005363392,0.033389535
data_external/test/images/image11102.jpg,0,0.9824585,0.08831011
data_external/test/images/image11103.jpg,0,0.007568378,0.0445019
data_external/test/images/image11104.jpg,0,0.09048355,0.30365515
data_external/test/images/image11105.jpg,0,0.9550334,0.18341912
data_external/test/images/image11106.jpg,0,0.026525177,0.12244765
data_external/test/images/image11107.jpg,0,0.38676316,0.6672782
data_external/test/images/image11108.jpg,0,0.97811264,0.10529612
data_external/test/images/image11109.jpg,0,0.0028679213,0.019653043
data_external/test/images/image11110.jpg,0,0.020645848,0.100542106
data_external/test/images/image11111.jpg,0,0.013936132,0.07339139
data_external/test/images/image11112.jpg,0,0.0018363246,0.013403429
data_external/test/images/image11113.jpg,0,0.032620862,0.14373775
data_external/test/images/image11114.jpg,0,0.3145015,0.62265515
data_external/test/images/image11115.jpg,0,0.07754851,0.27274075
data_external/test/images/image11116.jpg,0,0.0029307383,0.020019986
data_external/test/images/image11117.jpg,0,0.0056580994,0.034920707
data_external/test/images/image11118.jpg,0,0.22369686,0.53154725
data_external/test/images/image11119.jpg,0,0.9621927,0.16091186
data_external/test/images/image11120.jpg,0,0.06086607,0.22934395
data_external/test/images/image11121.jpg,0,0.6119398,0.6678725
data_external/test/images/image11122.jpg,0,0.18517128,0.479145
data_external/test/images/image11123.jpg,0,0.9995396,0.0039972137
data_external/test/images/image11124.jpg,0,0.9244417,0.26778477
data_external/test/images/image11125.jpg,0,0.045036145,0.18363152
data_external/test/images/image11126.jpg,0,0.28660524,0.599084
data_external/test/images/image11127.jpg,0,0.9745594,0.118517116
data_external/test/images/image11128.jpg,0,0.9999998,2.747867e-06
data_external/test/images/image11129.jpg,0,0.007751476,0.045392513
data_external/test/images/image11130.jpg,0,0.98178864,0.09099413
data_external/test/images/image11131.jpg,0,0.85176224,0.4196401
data_external/test/images/image11132.jpg,0,0.6112433,0.6681887
data_external/test/images/image11133.jpg,0,0.0051844358,0.03245199
data_external/test/images/image11134.jpg,0,0.9690819,0.13791944
data_external/test/images/image11135.jpg,0,0.3693408,0.6586039
data_external/test/images/image11136.jpg,0,0.0081460085,0.04729692
data_external/test/images/image11137.jpg,0,0.96233696,0.16044454
data_external/test/images/image11138.jpg,0,0.03551504,0.15341887
data_external/test/images/image11139.jpg,0,0.9802478,0.09707315
data_external/test/images/image11140.jpg,0,0.024474587,0.11497629
data_external/test/images/image11141.jpg,0,0.019092148,0.0944845
data_external/test/images/image11142.jpg,0,0.06916442,0.2514721
data_external/test/images/image11143.jpg,0,0.085863695,0.29286194
data_external/test/images/image11144.jpg,0,0.003325572,0.022296187
data_external/test/images/image11145.jpg,0,0.85468936,0.41448796
data_external/test/images/image11146.jpg,0,0.78476745,0.5208074
data_external/test/images/image11147.jpg,0,0.008940155,0.05107253
data_external/test/images/image11148.jpg,0,0.8155632,0.47805494
data_external/test/images/image11149.jpg,0,0.026782595,0.12337385
data_external/test/images/image11150.jpg,0,0.1331637,0.39235687
data_external/test/images/image11151.jpg,0,0.2682946,0.5815552
data_external/test/images/image11152.jpg,0,0.99802184,0.014291504
data_external/test/images/image11153.jpg,0,0.009916852,0.05561909
data_external/test/images/image11154.jpg,0,0.057673797,0.22051834
data_external/test/images/image11155.jpg,0,0.99972844,0.0025013639
data_external/test/images/image11156.jpg,0,0.0073448657,0.043408655
data_external/test/images/image11157.jpg,0,0.7367557,0.57642305
data_external/test/images/image11158.jpg,0,0.015578345,0.08029145
data_external/test/images/image11159.jpg,0,0.99739856,0.018081367
data_external/test/images/image11160.jpg,0,0.8629584,0.39955658
data_external/test/images/image11161.jpg,0,0.032998607,0.14501594
data_external/test/images/image11162.jpg,0,0.17833777,0.4688636
data_external/test/images/image11163.jpg,0,0.019846039,0.09743929
data_external/test/images/image11164.jpg,0,0.05281487,0.2067214
data_external/test/images/image11165.jpg,0,0.7511365,0.56108314
data_external/test/images/image11166.jpg,0,0.3041004,0.6142987
data_external/test/images/image11167.jpg,0,0.04833702,0.19358933
data_external/test/images/image11168.jpg,0,0.9979904,0.014486542
data_external/test/images/image11169.jpg,0,0.98592985,0.073961265
data_external/test/images/image11170.jpg,0,0.12767828,0.38194925
data_external/test/images/image11171.jpg,0,0.051160075,0.2019169
data_external/test/images/image11172.jpg,0,0.9019648,0.32074434
data_external/test/images/image11173.jpg,0,0.9941483,0.0359181
data_external/test/images/image11174.jpg,0,0.98390275,0.08243421
data_external/test/images/image11175.jpg,0,0.1871776,0.48210445
data_external/test/images/image11176.jpg,0,0.14632593,0.4162827
data_external/test/images/image11177.jpg,0,0.9918257,0.0474325
data_external/test/images/image11178.jpg,0,0.079201676,0.27681533
data_external/test/images/image11179.jpg,0,0.7060361,0.6056629
data_external/test/images/image11180.jpg,0,1.0,6.3167687e-07
data_external/test/images/image11181.jpg,0,0.3711866,0.6595842
data_external/test/images/image11182.jpg,0,0.07000509,0.2536521
data_external/test/images/image11183.jpg,0,0.47133106,0.69150245
data_external/test/images/image11184.jpg,0,0.19216584,0.48934823
data_external/test/images/image11185.jpg,0,0.010543628,0.058484852
data_external/test/images/image11186.jpg,0,0.38976136,0.66864127
data_external/test/images/image11187.jpg,0,0.0038551795,0.025276048
data_external/test/images/image11188.jpg,0,0.37499538,0.6615609
data_external/test/images/image11189.jpg,0,0.34236586,0.6425923
data_external/test/images/image11190.jpg,0,0.82963455,0.45646513
data_external/test/images/image11191.jpg,0,0.99767333,0.016431078
data_external/test/images/image11192.jpg,0,0.10630432,0.3387182
data_external/test/images/image11193.jpg,0,0.00453233,0.028980847
data_external/test/images/image11194.jpg,0,0.41908088,0.6799936
data_external/test/images/image11195.jpg,0,0.007363988,0.043502517
data_external/test/images/image11196.jpg,0,0.80760497,0.48967713
data_external/test/images/image11197.jpg,0,0.006170709,0.037547868
data_external/test/images/image11198.jpg,0,0.55607164,0.6868459
data_external/test/images/image11199.jpg,0,0.8059065,0.49210447
data_external/test/images/image11200.jpg,0,0.88542193,0.3559811
data_external/test/images/image11201.jpg,0,0.20183674,0.5029381
data_external/test/images/image11202.jpg,0,0.9998505,0.0014663361
data_external/test/images/image11203.jpg,0,0.037809473,0.160919
data_external/test/images/image11204.jpg,0,0.05663541,0.21760759
data_external/test/images/image11205.jpg,0,0.009799614,0.05507867
data_external/test/images/image11206.jpg,0,0.09795377,0.3205635
data_external/test/images/image11207.jpg,0,0.006256237,0.037981912
data_external/test/images/image11208.jpg,0,0.11890686,0.36474133
data_external/test/images/image11209.jpg,0,0.028466286,0.12936977
data_external/test/images/image11210.jpg,0,0.38925058,0.66841173
data_external/test/images/image11211.jpg,0,0.724117,0.5890229
data_external/test/images/image11212.jpg,0,0.32123235,0.62779486
data_external/test/images/image11213.jpg,0,0.99593,0.026463304
data_external/test/images/image11214.jpg,0,0.04102333,0.17118278
data_external/test/images/image11215.jpg,0,0.99957,0.0037632643
data_external/test/images/image11216.jpg,0,0.0062723947,0.038063712
data_external/test/images/image11217.jpg,0,0.0020500396,0.014737462
data_external/test/images/image11218.jpg,0,0.0012044027,0.009299356
data_external/test/images/image11219.jpg,0,0.04045287,0.16938075
data_external/test/images/image11220.jpg,0,0.00938632,0.053162154
data_external/test/images/image11221.jpg,0,0.0037520004,0.024701666
data_external/test/images/image11222.jpg,0,0.0018705055,0.0136184795
data_external/test/images/image11223.jpg,0,0.0024623484,0.017249724
data_external/test/images/image11224.jpg,0,0.0052881557,0.032996193
data_external/test/images/image11225.jpg,0,0.01218076,0.06579785
data_external/test/images/image11226.jpg,0,0.0030606387,0.02077444
data_external/test/images/image11227.jpg,0,0.04438366,0.18163373
data_external/test/images/image11228.jpg,0,0.0037418664,0.02464509
data_external/test/images/image11229.jpg,0,0.9984106,0.011831143
data_external/test/images/image11230.jpg,0,0.804039,0.4947519
data_external/test/images/image11231.jpg,0,0.9991495,0.006862761
data_external/test/images/image11232.jpg,0,0.98180586,0.090925165
data_external/test/images/image11233.jpg,1,0.9989701,0.008113748
data_external/test/images/image11234.jpg,0,0.9677112,0.14261037
data_external/test/images/image11235.jpg,0,0.9975853,0.01696347
data_external/test/images/image11236.jpg,0,0.9972606,0.018898234
data_external/test/images/image11237.jpg,0,0.998945,0.008285335
data_external/test/images/image11238.jpg,1,0.99957746,0.0037048445
data_external/test/images/image11239.jpg,0,0.049619015,0.19739199
data_external/test/images/image11240.jpg,0,0.037257995,0.15912987
data_external/test/images/image11241.jpg,1,0.9996846,0.0028575067
data_external/test/images/image11242.jpg,0,0.8445099,0.43211523
data_external/test/images/image11243.jpg,0,0.1318021,0.3897981
data_external/test/images/image11244.jpg,0,0.996869,0.021180607
data_external/test/images/image11245.jpg,0,0.011402545,0.0623514
data_external/test/images/image11246.jpg,0,0.8017646,0.4979464
data_external/test/images/image11247.jpg,1,0.99942935,0.00483289
data_external/test/images/image11248.jpg,0,0.2846283,0.59727156
data_external/test/images/image11249.jpg,1,0.9998243,0.0016953174
data_external/test/images/image11250.jpg,0,0.003802973,0.024985764
data_external/test/images/image11251.jpg,0,0.99787885,0.015176166
data_external/test/images/image11252.jpg,0,0.96631247,0.14733535
data_external/test/images/image11253.jpg,0,0.02983455,0.13416652
data_external/test/images/image11254.jpg,0,0.0029978799,0.0204106
data_external/test/images/image11255.jpg,0,0.02304131,0.10965028
data_external/test/images/image11256.jpg,0,0.99999666,4.561668e-05
data_external/test/images/image11257.jpg,0,0.014613573,0.076260425
data_external/test/images/image11258.jpg,1,0.99956375,0.0038114358
data_external/test/images/image11259.jpg,0,0.032655064,0.14385356
data_external/test/images/image11260.jpg,0,0.02239837,0.10723191
data_external/test/images/image11261.jpg,1,0.9998618,0.0013660159
data_external/test/images/image11262.jpg,1,0.99968505,0.0028541523
data_external/test/images/image11263.jpg,0,0.009739521,0.054801133
data_external/test/images/image11264.jpg,0,0.09542997,0.31492385
data_external/test/images/image11265.jpg,0,0.0029825289,0.020321513
data_external/test/images/image11266.jpg,0,0.30239737,0.6128819
data_external/test/images/image11267.jpg,0,0.10420066,0.3342159
data_external/test/images/image11268.jpg,0,0.8603573,0.40431434
data_external/test/images/image11269.jpg,0,0.70467436,0.6068515
data_external/test/images/image11270.jpg,0,0.0146782445,0.0765325
data_external/test/images/image11271.jpg,0,0.0054705357,0.033948135
data_external/test/images/image11272.jpg,0,0.0018005681,0.013178049
data_external/test/images/image11273.jpg,0,0.049682226,0.1975786
data_external/test/images/image11274.jpg,0,0.05317855,0.20776993
data_external/test/images/image11275.jpg,0,0.9948628,0.032203645
data_external/test/images/image11276.jpg,0,0.017836971,0.08949725
data_external/test/images/image11277.jpg,0,0.0040066377,0.026114367
data_external/test/images/image11278.jpg,1,0.99962723,0.003315978
data_external/test/images/image11279.jpg,0,0.9978281,0.01548758
data_external/test/images/image11280.jpg,1,0.9998166,0.0017612965
data_external/test/images/image11281.jpg,0,0.050255094,0.19926567
data_external/test/images/image11282.jpg,0,0.021713518,0.104634896
data_external/test/images/image11283.jpg,0,0.093775034,0.31118593
data_external/test/images/image11284.jpg,1,0.9998784,0.0012181457
data_external/test/images/image11285.jpg,0,0.002818991,0.019366253
data_external/test/images/image11286.jpg,0,0.99929094,0.005850365
data_external/test/images/image11287.jpg,0,0.011418117,0.062420808
data_external/test/images/image11288.jpg,0,0.0022235522,0.015803909
data_external/test/images/image11289.jpg,0,0.026639877,0.12286061
data_external/test/images/image11290.jpg,0,0.016370732,0.083556734
data_external/test/images/image11291.jpg,0,0.022405734,0.10725958
data_external/test/images/image11292.jpg,0,0.9999344,0.00069773686
data_external/test/images/image11293.jpg,0,0.03155267,0.14009865
data_external/test/images/image11294.jpg,0,0.0076731276,0.04501193
data_external/test/images/image11295.jpg,0,0.45147634,0.68843067
data_external/test/images/image11296.jpg,0,0.03942493,0.16611223
data_external/test/images/image11297.jpg,0,0.18310525,0.47606957
data_external/test/images/image11298.jpg,0,0.010195545,0.056898225
data_external/test/images/image11299.jpg,0,0.092288874,0.30780172
data_external/test/images/image11300.jpg,0,0.0032070195,0.02161796
data_external/test/images/image11301.jpg,0,0.14328152,0.4108759
data_external/test/images/image11302.jpg,1,0.99968535,0.0028516103
data_external/test/images/image11303.jpg,0,0.27258438,0.5858124
data_external/test/images/image11304.jpg,0,0.08672064,0.29488415
data_external/test/images/image11305.jpg,1,0.9998436,0.0015265507
data_external/test/images/image11306.jpg,0,0.59403014,0.67535806
data_external/test/images/image11307.jpg,0,0.03641349,0.15637356
data_external/test/images/image11308.jpg,0,0.11609361,0.35906893
data_external/test/images/image11309.jpg,0,0.8934056,0.3393353
data_external/test/images/image11310.jpg,0,0.019940374,0.09780702
data_external/test/images/image11311.jpg,1,0.9999002,0.0010182179
data_external/test/images/image11312.jpg,1,0.999729,0.00249721
data_external/test/images/image11313.jpg,0,0.012622879,0.067733124
data_external/test/images/image11314.jpg,0,0.9662545,0.14753024
data_external/test/images/image11315.jpg,0,0.001821538,0.013310245
data_external/test/images/image11316.jpg,0,0.006145465,0.037419505
data_external/test/images/image11317.jpg,1,0.9998096,0.0018209672
data_external/test/images/image11318.jpg,0,0.01227739,0.06622214
data_external/test/images/image11319.jpg,0,0.030380957,0.13606392
data_external/test/images/image11320.jpg,0,0.99965376,0.0031047221
data_external/test/images/image11321.jpg,0,0.040352527,0.16906293
data_external/test/images/image11322.jpg,1,0.9999213,0.000822178
data_external/test/images/image11323.jpg,0,0.011634328,0.06338331
data_external/test/images/image11324.jpg,0,0.7760096,0.53191227
data_external/test/images/image11325.jpg,0,0.105613306,0.3372445
data_external/test/images/image11326.jpg,0,0.046758514,0.18885782
data_external/test/images/image11327.jpg,0,0.005371107,0.033429913
data_external/test/images/image11328.jpg,0,0.035257004,0.1525659
data_external/test/images/image11329.jpg,0,0.9992459,0.0061748717
data_external/test/images/image11330.jpg,0,0.08725963,0.29615134
data_external/test/images/image11331.jpg,0,0.123940945,0.37470412
data_external/test/images/image11332.jpg,0,0.08566796,0.2923988
data_external/test/images/image11333.jpg,0,0.998338,0.012296808
data_external/test/images/image11334.jpg,0,0.10050232,0.3261853
data_external/test/images/image11335.jpg,0,0.9867829,0.07030978
data_external/test/images/image11336.jpg,0,0.10153607,0.32844505
data_external/test/images/image11337.jpg,0,0.027134089,0.124634296
data_external/test/images/image11338.jpg,0,0.99974793,0.0023401068
data_external/test/images/image11339.jpg,0,0.0387357,0.16390501
data_external/test/images/image11340.jpg,0,0.99725896,0.018907988
data_external/test/images/image11341.jpg,0,0.0044312384,0.028434504
data_external/test/images/image11342.jpg,1,0.99999833,2.3484678e-05
data_external/test/images/image11343.jpg,0,0.0537661,0.20945834
data_external/test/images/image11344.jpg,0,0.0027351454,0.018872978
data_external/test/images/image11345.jpg,0,0.032653257,0.14384751
data_external/test/images/image11346.jpg,0,0.009659568,0.054431237
data_external/test/images/image11347.jpg,0,0.0061045815,0.037211433
data_external/test/images/image11348.jpg,0,0.0076460238,0.044880133
data_external/test/images/image11349.jpg,0,0.032434233,0.14310452
data_external/test/images/image11350.jpg,0,0.0008253262,0.0066845296
data_external/test/images/image11351.jpg,0,0.017942132,0.0899184
data_external/test/images/image11352.jpg,0,0.005788096,0.03559129
data_external/test/images/image11353.jpg,0,0.02765318,0.12648728
data_external/test/images/image11354.jpg,0,0.036380306,0.15626477
data_external/test/images/image11355.jpg,0,0.9693453,0.13701098
data_external/test/images/image11356.jpg,0,0.025030239,0.11701757
data_external/test/images/image11357.jpg,0,0.43478057,0.6846158
data_external/test/images/image11358.jpg,0,0.06633039,0.24404153
data_external/test/images/image11359.jpg,0,0.9977179,0.016160721
data_external/test/images/image11360.jpg,0,0.051514655,0.20295115
data_external/test/images/image11361.jpg,1,0.9998646,0.0013415809
data_external/test/images/image11362.jpg,0,0.0041512884,0.026909709
data_external/test/images/image11363.jpg,0,0.4444245,0.6869571
data_external/test/images/image11364.jpg,0,0.015786495,0.08115311
data_external/test/images/image11365.jpg,0,0.45752826,0.68953514
data_external/test/images/image11366.jpg,0,0.9988794,0.008733066
data_external/test/images/image11367.jpg,0,0.9797424,0.0990399
data_external/test/images/image11368.jpg,0,0.004085377,0.026547965
data_external/test/images/image11369.jpg,0,0.013863044,0.07307985
data_external/test/images/image11370.jpg,0,0.0022576514,0.016011985
data_external/test/images/image11371.jpg,0,0.0052424166,0.032756303
data_external/test/images/image11372.jpg,0,0.037003495,0.15830123
data_external/test/images/image11373.jpg,1,0.9996099,0.0034522812
data_external/test/images/image11374.jpg,0,0.06412436,0.23816815
data_external/test/images/image11375.jpg,0,0.9995804,0.0036829095
data_external/test/images/image11376.jpg,1,0.9997989,0.0019136252
data_external/test/images/image11377.jpg,0,0.0395676,0.1665675
data_external/test/images/image11378.jpg,0,0.9866996,0.0706686
data_external/test/images/image11379.jpg,0,0.44996837,0.68813246
data_external/test/images/image11380.jpg,1,0.99976516,0.0021970542
data_external/test/images/image11381.jpg,0,0.35304034,0.64930844
data_external/test/images/image11382.jpg,0,0.9981615,0.0134171285
data_external/test/images/image11383.jpg,0,0.99904996,0.0075607644
data_external/test/images/image11384.jpg,0,0.025170013,0.117529176
data_external/test/images/image11385.jpg,1,0.9999149,0.0008824607
data_external/test/images/image11386.jpg,0,0.6320656,0.65784717
data_external/test/images/image11387.jpg,1,0.99974465,0.0023676145
data_external/test/images/image11388.jpg,0,0.020864634,0.101385385
data_external/test/images/image11389.jpg,0,0.18520436,0.47919402
data_external/test/images/image11390.jpg,0,0.8854436,0.35593668
data_external/test/images/image11391.jpg,0,0.028461872,0.1293542
data_external/test/images/image11392.jpg,0,0.012189717,0.065837145
data_external/test/images/image11393.jpg,0,0.009037418,0.051529944
data_external/test/images/image11394.jpg,0,0.011479181,0.06269308
data_external/test/images/image11395.jpg,0,0.18281111,0.47562945
data_external/test/images/image11396.jpg,1,0.99993986,0.0006436064
data_external/test/images/image11397.jpg,0,0.046293546,0.18745363
data_external/test/images/image11398.jpg,0,0.96823794,0.14081486
data_external/test/images/image11399.jpg,1,0.99989367,0.0010791635
data_external/test/images/image11400.jpg,0,0.029837403,0.13417652
data_external/test/images/image11401.jpg,0,0.9997333,0.002461436
data_external/test/images/image11402.jpg,0,0.99999344,8.426749e-05
data_external/test/images/image11403.jpg,0,0.016639547,0.08465545
data_external/test/images/image11404.jpg,0,0.018261263,0.09119283
data_external/test/images/image11405.jpg,1,0.9998229,0.0017071768
data_external/test/images/image11406.jpg,0,0.012554898,0.067436606
data_external/test/images/image11407.jpg,0,0.016467629,0.08395322
data_external/test/images/image11408.jpg,0,0.07938524,0.2772653
data_external/test/images/image11409.jpg,0,0.28384426,0.59654754
data_external/test/images/image11410.jpg,0,0.99996597,0.00038297393
data_external/test/images/image11411.jpg,0,0.036357086,0.15618871
data_external/test/images/image11412.jpg,0,0.0013332157,0.010158441
data_external/test/images/image11413.jpg,0,0.99385923,0.0373954
data_external/test/images/image11414.jpg,1,0.99990934,0.00093421043
data_external/test/images/image11415.jpg,0,0.05322076,0.20789146
data_external/test/images/image11416.jpg,0,0.7243746,0.5887741
data_external/test/images/image11417.jpg,0,0.31869888,0.62588483
data_external/test/images/image11418.jpg,0,0.42150834,0.6807742
data_external/test/images/image11419.jpg,0,0.28729844,0.599715
data_external/test/images/image11420.jpg,0,0.015331361,0.07926551
data_external/test/images/image11421.jpg,0,0.007004342,0.0417299
data_external/test/images/image11422.jpg,1,0.9998803,0.0012005726
data_external/test/images/image11423.jpg,0,0.99529845,0.029890131
data_external/test/images/image11424.jpg,0,0.38812828,0.6679035
data_external/test/images/image11425.jpg,0,0.9999487,0.0005586743
data_external/test/images/image11426.jpg,0,0.033137847,0.14548583
data_external/test/images/image11427.jpg,0,0.05100924,0.20147623
data_external/test/images/image11428.jpg,0,0.012676798,0.06796803
data_external/test/images/image11429.jpg,0,0.024380837,0.114630595
data_external/test/images/image11430.jpg,0,0.9856365,0.07520522
data_external/test/images/image11431.jpg,0,0.14427017,0.41263998
data_external/test/images/image11432.jpg,0,0.007172453,0.04256077
data_external/test/images/image11433.jpg,0,0.64129233,0.652671
data_external/test/images/image11434.jpg,0,0.9917535,0.047778405
data_external/test/images/image11435.jpg,0,0.008083124,0.04699458
data_external/test/images/image11436.jpg,0,0.013051032,0.069592394
data_external/test/images/image11437.jpg,0,0.57460684,0.6819731
data_external/test/images/image11438.jpg,0,0.75481343,0.55698496
data_external/test/images/image11439.jpg,0,0.011623722,0.063336186
data_external/test/images/image11440.jpg,0,0.013008157,0.069406874
data_external/test/images/image11441.jpg,0,0.03948597,0.16630703
data_external/test/images/image11442.jpg,0,0.0062707956,0.0380556
data_external/test/images/image11443.jpg,0,0.0071481406,0.042440798
data_external/test/images/image11444.jpg,0,0.0019672366,0.014223403
data_external/test/images/image11445.jpg,0,0.021945054,0.10551533
data_external/test/images/image11446.jpg,0,0.9828774,0.086618826
data_external/test/images/image11447.jpg,0,0.039000254,0.16475378
data_external/test/images/image11448.jpg,0,0.07130277,0.25699586
data_external/test/images/image11449.jpg,0,0.018070787,0.09043284
data_external/test/images/image11450.jpg,0,0.045735866,0.18576306
data_external/test/images/image11451.jpg,1,0.9999687,0.00035498067
data_external/test/images/image11452.jpg,0,0.9994413,0.0047427686
data_external/test/images/image11453.jpg,0,0.019849414,0.09745248
data_external/test/images/image11454.jpg,0,0.0055570817,0.0343978
data_external/test/images/image11455.jpg,1,0.9999427,0.00061676156
data_external/test/images/image11456.jpg,0,0.9999517,0.00052870944
data_external/test/images/image11457.jpg,0,0.99342775,0.039575737
data_external/test/images/image11458.jpg,0,0.16880472,0.45398584
data_external/test/images/image11459.jpg,0,0.1339524,0.39383152
data_external/test/images/image11460.jpg,0,0.9355535,0.23903085
data_external/test/images/image11461.jpg,0,0.0042458666,0.027427016
data_external/test/images/image11462.jpg,0,0.9995123,0.004206217
data_external/test/images/image11463.jpg,0,0.0065913885,0.039671436
data_external/test/images/image11464.jpg,1,0.9999437,0.0006069245
data_external/test/images/image11465.jpg,0,0.94285184,0.2190474
data_external/test/images/image11466.jpg,0,0.32819328,0.6328918
data_external/test/images/image11467.jpg,0,0.006155752,0.03747184
