best_epoch,epochs_trained,stopped_early,val_auc_best,total_train_time_sec,params_total,params_trainable,n_train,n_val,n_test,n_samples,n_positive,n_negative,threshold_used,test_accuracy,test_precision,test_recall,test_specificity,test_npv,test_f1,test_mcc,test_fpr,test_fnr,test_auc_roc,test_auc_roc_ci_low,test_auc_roc_ci_high,test_auc_pr,test_nll,test_brier,test_tp,test_fp,test_tn,test_fn,youden_threshold,youden_accuracy,youden_sensitivity,youden_specificity,youden_f1,op_threshold_at_sens,op_target_sensitivity,op_specificity_at_target,op_f1_at_target,arch,preprocessing,preprocessing_full
90,100,False,0.9959,510.0,24066498,24066498,3199,391,406,406,325,81,0.5,0.9631,0.9936,0.96,0.9753,0.8587,0.9765,0.8929,0.0247,0.04,0.9929,0.9846,0.9991,0.9983,0.1199,0.032,312,2,79,13,0.2381,0.9852,0.9908,0.963,0.9908,0.3562,0.95,0.9753,0.9813,resnet50,srad_nopad_gray,srad_nopad_gray
37,57,True,0.9947,288.1,24066498,24066498,3199,391,406,406,325,81,0.5,0.9507,0.9904,0.9477,0.963,0.8211,0.9686,0.8596,0.037,0.0523,0.9943,0.9882,0.9987,0.9985,0.1311,0.0373,308,3,78,17,0.1813,0.9803,0.9846,0.963,0.9877,0.1813,0.95,0.963,0.9877,resnet50,gauss_nopad_gray,gauss_nopad_gray
40,60,True,0.9915,448.2,43058626,43058626,3199,391,406,406,325,81,0.5,0.9458,0.9967,0.9354,0.9877,0.7921,0.9651,0.8533,0.0123,0.0646,0.9954,0.9895,0.9998,0.9987,0.1429,0.0408,304,1,80,21,0.2498,0.9778,0.9754,0.9877,0.986,0.2498,0.95,0.9877,0.986,resnet101,srad_nopad_gray,srad_nopad_gray
80,100,True,0.9961,742.8,43058626,43058626,3199,391,406,406,325,81,0.5,0.931,0.9967,0.9169,0.9877,0.7477,0.9551,0.8205,0.0123,0.0831,0.9937,0.9864,0.9991,0.9985,0.176,0.0493,298,1,80,27,0.0988,0.9828,0.9846,0.9753,0.9892,0.0988,0.95,0.9753,0.9892,resnet101,gauss_nopad_gray,gauss_nopad_gray
57,77,True,0.9949,435.1,7250178,7250178,3199,391,406,406,325,81,0.5,0.9606,1.0,0.9508,1.0,0.8351,0.9748,0.891,0.0,0.0492,0.9974,0.9937,0.9999,0.9993,0.0966,0.0251,309,0,81,16,0.3791,0.9778,0.9723,1.0,0.986,0.3791,0.95,1.0,0.986,densenet121,srad_nopad_gray,srad_nopad_gray
43,63,True,0.9979,353.1,7250178,7250178,3199,391,406,406,325,81,0.5,0.9655,1.0,0.9569,1.0,0.8526,0.978,0.9033,0.0,0.0431,0.9979,0.9943,1.0,0.9995,0.1,0.0263,311,0,81,14,0.0901,0.9926,0.9908,1.0,0.9954,0.0901,0.95,1.0,0.9954,densenet121,gauss_nopad_gray,gauss_nopad_gray
39,59,True,0.9979,403.3,12944642,12944642,3199,391,406,406,325,81,0.5,0.9828,0.9938,0.9846,0.9753,0.9405,0.9892,0.947,0.0247,0.0154,0.9965,0.9901,0.9998,0.9991,0.0589,0.0139,320,2,79,5,0.7988,0.9828,0.9785,1.0,0.9891,0.7988,0.95,1.0,0.9891,densenet169,srad_nopad_gray,srad_nopad_gray
33,53,True,0.9986,361.2,12944642,12944642,3199,391,406,406,325,81,0.5,0.9803,1.0,0.9754,1.0,0.9101,0.9875,0.9422,0.0,0.0246,0.9987,0.9962,1.0,0.9996,0.0596,0.0157,317,0,81,8,0.1535,0.9926,0.9908,1.0,0.9954,0.1535,0.95,1.0,0.9954,densenet169,gauss_nopad_gray,gauss_nopad_gray
24,44,True,0.9963,170.4,4369406,4369406,3199,391,406,406,325,81,0.5,0.968,1.0,0.96,1.0,0.8617,0.9796,0.9095,0.0,0.04,0.9967,0.9908,0.9999,0.9992,0.1108,0.0293,312,0,81,13,0.2598,0.9803,0.9785,0.9877,0.9876,0.5154,0.95,1.0,0.9796,efficientnet_b0,srad_nopad_gray,srad_nopad_gray
30,50,True,0.9939,180.4,4369406,4369406,3199,391,406,406,325,81,0.5,0.9557,0.9968,0.9477,0.9877,0.8247,0.9716,0.8766,0.0123,0.0523,0.9962,0.9906,1.0,0.9989,0.1147,0.0335,308,1,80,17,0.1907,0.9901,0.9908,0.9877,0.9938,0.1907,0.95,0.9877,0.9938,efficientnet_b0,gauss_nopad_gray,gauss_nopad_gray
32,52,True,0.998,323.5,28050914,28050914,3199,391,406,406,325,81,0.5,0.9704,1.0,0.9631,1.0,0.871,0.9812,0.9159,0.0,0.0369,0.9949,0.9871,0.9994,0.9988,0.1068,0.0226,313,0,81,12,0.061,0.9877,0.9846,1.0,0.9922,0.061,0.95,1.0,0.9922,convnext_tiny,srad_nopad_gray,srad_nopad_gray
32,52,True,0.9976,319.8,28050914,28050914,3199,391,406,406,325,81,0.5,0.9729,1.0,0.9662,1.0,0.8804,0.9828,0.9223,0.0,0.0338,0.9948,0.9871,0.9993,0.9987,0.1331,0.0257,314,0,81,11,0.0081,0.9852,0.9815,1.0,0.9907,0.0081,0.95,1.0,0.9907,convnext_tiny,gauss_nopad_gray,gauss_nopad_gray
42,62,True,0.9981,176.5,4563890,4563890,3199,391,406,406,325,81,0.5,0.9778,1.0,0.9723,1.0,0.9,0.986,0.9355,0.0,0.0277,0.9973,0.9937,0.9997,0.9993,0.1021,0.0246,316,0,81,9,0.5603,0.9778,0.9723,1.0,0.986,0.5603,0.95,1.0,0.986,mobilenetv3_large,srad_nopad_gray,srad_nopad_gray
34,54,True,0.9974,145.1,4563890,4563890,3199,391,406,406,325,81,0.5,0.9532,1.0,0.9415,1.0,0.81,0.9699,0.8733,0.0,0.0585,0.9956,0.9882,0.9998,0.999,0.1342,0.037,306,0,81,19,0.0863,0.9877,0.9877,0.9877,0.9923,0.0863,0.95,0.9877,0.9923,mobilenetv3_large,gauss_nopad_gray,gauss_nopad_gray
17,37,True,0.9978,413.7,86029442,86029442,3199,391,406,406,325,81,0.5,0.9729,0.9968,0.9692,0.9877,0.8889,0.9828,0.9206,0.0123,0.0308,0.9967,0.9923,0.9996,0.9991,0.0956,0.0222,315,1,80,10,0.1176,0.9852,0.9846,0.9877,0.9907,0.1176,0.95,0.9877,0.9907,vit_base,srad_nopad_gray,srad_nopad_gray
31,51,True,0.9981,569.7,86029442,86029442,3199,391,406,406,325,81,0.5,0.9803,1.0,0.9754,1.0,0.9101,0.9875,0.9422,0.0,0.0246,0.9952,0.9874,0.9997,0.999,0.0903,0.017,317,0,81,8,0.1294,0.9877,0.9846,1.0,0.9922,0.956,0.95,1.0,0.9748,vit_base,gauss_nopad_gray,gauss_nopad_gray
37,57,True,0.9988,429.9,27750140,27750140,3199,391,406,406,325,81,0.5,0.9704,1.0,0.9631,1.0,0.871,0.9812,0.9159,0.0,0.0369,0.9972,0.9928,0.9998,0.9994,0.1057,0.0236,313,0,81,12,0.261,0.9852,0.9815,1.0,0.9907,0.261,0.95,1.0,0.9907,swin_tiny,srad_nopad_gray,srad_nopad_gray
48,68,True,0.9996,514.1,27750140,27750140,3199,391,406,406,325,81,0.5,0.9803,1.0,0.9754,1.0,0.9101,0.9875,0.9422,0.0,0.0246,0.9967,0.99,1.0,0.9993,0.0721,0.0162,317,0,81,8,0.0218,0.9951,0.9938,1.0,0.9969,0.0218,0.95,1.0,0.9969,swin_tiny,gauss_nopad_gray,gauss_nopad_gray
