ablation,arch,auc_mean,accuracy_mean,f1_mean,mcc_mean
no-pad,convnext_tiny,0.78885,0.21585,0.33235000000000003,0.07105
no-pad,densenet121,0.74985,0.24925,0.34209999999999996,0.1176
no-pad,densenet169,0.71565,0.223,0.33440000000000003,0.08324999999999999
no-pad,efficientnet_b0,0.8065,0.24575000000000002,0.34104999999999996,0.11285
no-pad,mobilenetv3_large,0.7034,0.238,0.33875,0.10295
no-pad,resnet101,0.83215,0.2286,0.33585,0.09040000000000001
no-pad,resnet50,0.8389,0.29175,0.35505,0.15955
no-pad,swin_tiny,0.68245,0.2232,0.33445,0.08325
no-pad,vit_base,0.81615,0.2531,0.34325,0.12209999999999999
no-pad+gray,convnext_tiny,0.83285,0.25375000000000003,0.34345000000000003,0.1225
no-pad+gray,densenet121,0.7571,0.23245,0.3371,0.09665
no-pad+gray,densenet169,0.60155,0.2229,0.33435000000000004,0.08205000000000001
no-pad+gray,efficientnet_b0,0.8518,0.2622,0.346,0.132
no-pad+gray,mobilenetv3_large,0.80015,0.23275,0.3372,0.09705
no-pad+gray,resnet101,0.84395,0.26239999999999997,0.346,0.13045
no-pad+gray,resnet50,0.86615,0.26070000000000004,0.34550000000000003,0.1303
no-pad+gray,swin_tiny,0.5032,0.22045,0.33365,0.07905
no-pad+gray,vit_base,0.6698500000000001,0.2249,0.33494999999999997,0.08615
reflect (orig),convnext_tiny,0.5278499999999999,0.7711,0.8702,0.0159
reflect (orig),densenet121,0.47314999999999996,0.7663,0.8665,0.028449999999999996
reflect (orig),densenet169,0.48245000000000005,0.77015,0.8694,0.02275
reflect (orig),efficientnet_b0,0.5224,0.7658499999999999,0.8664499999999999,0.01675
reflect (orig),mobilenetv3_large,0.51665,0.7658499999999999,0.86625,0.02505
reflect (orig),resnet101,0.5277499999999999,0.7706,0.8697999999999999,0.01765
reflect (orig),resnet50,0.552,0.7625500000000001,0.8636999999999999,0.031700000000000006
reflect (orig),swin_tiny,0.54785,0.75545,0.8589,0.0117
reflect (orig),vit_base,0.5499,0.76735,0.86755,0.013
