ablation,arch,val_auc_mean,test_auc_mean,test_acc_mean,test_f1_mean,test_mcc_mean
no-pad,convnext_tiny,0.99745,0.9956499999999999,0.96925,0.9804,0.9122
no-pad,densenet121,0.9963500000000001,0.99515,0.9741500000000001,0.9836,0.9247
no-pad,densenet169,0.99735,0.99765,0.984,0.9899,0.952
no-pad,efficientnet_b0,0.9934,0.99725,0.96305,0.97635,0.8969499999999999
no-pad,mobilenetv3_large,0.9975499999999999,0.9966,0.9729,0.9828,0.9225
no-pad,resnet101,0.9957,0.9967,0.9692000000000001,0.98045,0.91085
no-pad,resnet50,0.99455,0.9935,0.94335,0.9634,0.8465499999999999
no-pad,swin_tiny,0.999,0.99685,0.9766,0.9852000000000001,0.9308
no-pad,vit_base,0.99855,0.99535,0.96675,0.9788,0.9065000000000001
no-pad+gray,convnext_tiny,0.9978,0.99485,0.97165,0.982,0.9191
no-pad+gray,densenet121,0.9964,0.9976499999999999,0.96305,0.9763999999999999,0.89715
no-pad+gray,densenet169,0.9982500000000001,0.9976,0.9815499999999999,0.9883500000000001,0.9446
no-pad+gray,efficientnet_b0,0.9951,0.9964500000000001,0.96185,0.9756,0.89305
no-pad+gray,mobilenetv3_large,0.9977499999999999,0.9964500000000001,0.9655,0.97795,0.9044
no-pad+gray,resnet101,0.9938,0.99455,0.9384,0.9601,0.8369
no-pad+gray,resnet50,0.9953000000000001,0.9936,0.9569,0.97255,0.87625
no-pad+gray,swin_tiny,0.9992000000000001,0.99695,0.9753499999999999,0.9843500000000001,0.92905
no-pad+gray,vit_base,0.99795,0.99595,0.9765999999999999,0.98515,0.9314
reflect (orig),convnext_tiny,1.0,0.9993,0.9925999999999999,0.99535,0.9775
reflect (orig),densenet121,0.99935,0.99985,0.99385,0.99615,0.9811000000000001
reflect (orig),densenet169,0.99935,0.99985,0.99385,0.99615,0.9810000000000001
reflect (orig),efficientnet_b0,0.999,0.9994000000000001,0.9901,0.9938,0.9696
reflect (orig),mobilenetv3_large,0.9988,0.9996,0.9828,0.9891,0.9479
reflect (orig),resnet101,0.99855,0.9995499999999999,0.9926,0.9954000000000001,0.97725
reflect (orig),resnet50,0.9984500000000001,0.9993,0.9778,0.98595,0.9345
reflect (orig),swin_tiny,0.9995499999999999,0.9997,0.9828,0.9891,0.949
reflect (orig),vit_base,0.9998,0.99975,0.99135,0.9945999999999999,0.9735
