epoch,train_loss,val_loss,train_acc,val_acc,val_precision,val_recall,val_specificity,val_f1,val_mcc,val_auc,val_nll,val_tp,val_fp,val_tn,val_fn,lr,epoch_time_sec
1,0.433890,0.160758,0.7642,0.9437,0.9932,0.9355,0.9753,0.9635,0.8489,0.9968,0.1601,290,2,79,20,5.00e-05,5.9
2,0.269744,0.118557,0.8378,0.9668,0.9967,0.9613,0.9877,0.9787,0.9066,0.9976,0.1175,298,1,80,12,1.00e-05,10.5
3,0.214378,0.094140,0.8605,0.9744,0.9967,0.9710,0.9877,0.9837,0.9266,0.9979,0.0932,301,1,80,9,1.00e-05,2.5
4,0.211231,0.084631,0.8611,0.9719,0.9967,0.9677,0.9877,0.9820,0.9198,0.9982,0.0840,300,1,80,10,9.96e-06,2.6
5,0.193673,0.070595,0.8718,0.9744,0.9967,0.9710,0.9877,0.9837,0.9266,0.9977,0.0700,301,1,80,9,9.83e-06,2.9
6,0.177864,0.072204,0.8741,0.9744,0.9967,0.9710,0.9877,0.9837,0.9266,0.9983,0.0717,301,1,80,9,9.62e-06,2.7
7,0.182933,0.059093,0.8734,0.9770,0.9967,0.9742,0.9877,0.9853,0.9334,0.9985,0.0587,302,1,80,8,9.33e-06,2.6
8,0.151482,0.058412,0.9069,0.9795,0.9967,0.9774,0.9877,0.9870,0.9403,0.9974,0.0577,303,1,80,7,8.97e-06,2.8
9,0.154059,0.061418,0.8924,0.9770,0.9967,0.9742,0.9877,0.9853,0.9334,0.9986,0.0612,302,1,80,8,8.54e-06,3.2
10,0.154794,0.051860,0.8987,0.9795,0.9967,0.9774,0.9877,0.9870,0.9403,0.9985,0.0516,303,1,80,7,8.04e-06,3.1
11,0.148533,0.076429,0.8990,0.9770,1.0000,0.9710,1.0000,0.9853,0.9348,0.9982,0.0764,301,0,81,9,7.50e-06,2.7
12,0.148952,0.067788,0.9028,0.9770,1.0000,0.9710,1.0000,0.9853,0.9348,0.9974,0.0675,301,0,81,9,6.91e-06,2.7
13,0.137367,0.059832,0.9088,0.9795,1.0000,0.9742,1.0000,0.9869,0.9416,0.9983,0.0597,302,0,81,8,6.29e-06,2.5
14,0.145190,0.063537,0.9037,0.9795,1.0000,0.9742,1.0000,0.9869,0.9416,0.9977,0.0633,302,0,81,8,5.65e-06,2.6
15,0.134961,0.082007,0.9088,0.9770,1.0000,0.9710,1.0000,0.9853,0.9348,0.9975,0.0820,301,0,81,9,5.00e-06,2.5
16,0.144444,0.070949,0.9113,0.9770,1.0000,0.9710,1.0000,0.9853,0.9348,0.9976,0.0708,301,0,81,9,4.35e-06,2.8
17,0.123179,0.073212,0.9227,0.9770,1.0000,0.9710,1.0000,0.9853,0.9348,0.9972,0.0731,301,0,81,9,3.71e-06,2.5
18,0.121682,0.068014,0.9195,0.9770,1.0000,0.9710,1.0000,0.9853,0.9348,0.9976,0.0678,301,0,81,9,3.09e-06,2.6
19,0.133027,0.058507,0.9129,0.9821,1.0000,0.9774,1.0000,0.9886,0.9485,0.9979,0.0584,303,0,81,7,2.50e-06,2.6
20,0.124156,0.067206,0.9170,0.9795,1.0000,0.9742,1.0000,0.9869,0.9416,0.9977,0.0670,302,0,81,8,1.96e-06,2.6
21,0.123160,0.061184,0.9154,0.9795,1.0000,0.9742,1.0000,0.9869,0.9416,0.9982,0.0611,302,0,81,8,1.46e-06,2.6
22,0.128993,0.063001,0.9129,0.9821,1.0000,0.9774,1.0000,0.9886,0.9485,0.9981,0.0629,303,0,81,7,1.03e-06,2.7
23,0.126761,0.066646,0.9223,0.9795,1.0000,0.9742,1.0000,0.9869,0.9416,0.9979,0.0666,302,0,81,8,6.70e-07,2.7
24,0.140311,0.061879,0.9050,0.9821,1.0000,0.9774,1.0000,0.9886,0.9485,0.9977,0.0617,303,0,81,7,3.81e-07,2.6
25,0.132919,0.067481,0.9081,0.9795,1.0000,0.9742,1.0000,0.9869,0.9416,0.9978,0.0673,302,0,81,8,1.70e-07,2.6
26,0.122426,0.060642,0.9205,0.9821,1.0000,0.9774,1.0000,0.9886,0.9485,0.9977,0.0604,303,0,81,7,4.28e-08,2.6
27,0.136501,0.071396,0.9053,0.9795,1.0000,0.9742,1.0000,0.9869,0.9416,0.9976,0.0714,302,0,81,8,1.00e-05,2.6
28,0.132003,0.067983,0.9198,0.9795,1.0000,0.9742,1.0000,0.9869,0.9416,0.9977,0.0680,302,0,81,8,9.99e-06,2.6
29,0.123784,0.065403,0.9287,0.9821,1.0000,0.9774,1.0000,0.9886,0.9485,0.9978,0.0653,303,0,81,7,9.96e-06,2.6
