sample_id,path,true_label,pred_label,correct,prob_infected,entropy,border_mass_frac,interior_mass_frac,expected_border_uniform,peak_y,peak_x,peak_val,is_border_peak
257,results/preprocessed/srad_nopad/test/infected/image10937.npy,1,1,1,0.9991078972816467,0.007155570667237043,0.04115102945053,0.9588489164336882,0.18678252551020408,112,112,1.0,False
296,results/preprocessed/srad_nopad/test/infected/image11558.npy,1,1,1,0.9999539852142334,0.0005055228830315173,0.012685786367759036,0.9873142059542299,0.18678252551020408,112,112,1.0,False
303,results/preprocessed/srad_nopad/test/infected/image11648.npy,1,1,1,0.9933873414993286,0.0397779606282711,0.03215002848659536,0.9678499546267887,0.18678252551020408,143,143,1.0,False
370,results/preprocessed/srad_nopad/test/infected/image12577.npy,1,1,1,0.9740688800811768,0.12030066549777985,0.12387023817579898,0.8761298284296617,0.18678252551020408,0,111,1.0,True
392,results/preprocessed/srad_nopad/test/infected/image13014.npy,1,1,1,0.990287184715271,0.05467774718999863,0.1718931535949184,0.8281068208186194,0.18678252551020408,48,112,1.0,False
2,results/preprocessed/srad_nopad/test/noninfected/Image_041.npy,0,0,1,0.0046241250820457935,0.029474880546331406,0.012380612310254275,0.987619328215498,0.18678252551020408,80,111,1.0,False
50,results/preprocessed/srad_nopad/test/noninfected/Image_923.npy,0,0,1,0.01613001711666584,0.08256899565458298,0.03388093811999066,0.9661189756903903,0.18678252551020408,111,112,1.0,False
4,results/preprocessed/srad_nopad/test/noninfected/Image_069.npy,0,0,1,0.015596790239214897,0.08036790043115616,0.07551373469138273,0.924486341712787,0.18678252551020408,80,112,1.0,False
40,results/preprocessed/srad_nopad/test/noninfected/Image_749.npy,0,0,1,0.003060015384107828,0.02077075093984604,0.015787097274957376,0.9842129487906728,0.18678252551020408,112,112,1.0,False
194,results/preprocessed/srad_nopad/test/infected/image10199.npy,1,1,1,0.9965307116508484,0.023112833499908447,0.038783482870578576,0.9612164763770212,0.18678252551020408,143,112,1.0,False
110,results/preprocessed/srad_nopad/test/infected/Image_527.npy,1,1,1,0.9906830787658691,0.05283873528242111,0.02123868405866251,0.9787613045419526,0.18678252551020408,80,175,1.0,False
108,results/preprocessed/srad_nopad/test/infected/Image_515.npy,1,1,1,0.9979089498519897,0.014991014264523983,0.045903815235906316,0.9540961431216136,0.18678252551020408,80,175,1.0,False
220,results/preprocessed/srad_nopad/test/infected/image10526.npy,1,1,1,0.9971147775650024,0.01975419744849205,0.051904645706711244,0.9480952290855831,0.18678252551020408,79,143,1.0,False
70,results/preprocessed/srad_nopad/test/noninfected/Image_resize_450.npy,0,0,1,0.002543591195717454,0.01773625798523426,0.012278735665551214,0.9877213051873011,0.18678252551020408,111,111,1.0,False
51,results/preprocessed/srad_nopad/test/noninfected/Image_925.npy,0,0,1,0.003224068321287632,0.021715709939599037,0.05624696454589607,0.9437529245361708,0.18678252551020408,112,143,1.0,False
234,results/preprocessed/srad_nopad/test/infected/image10687.npy,1,1,1,0.917483925819397,0.28487181663513184,0.15259652630285708,0.8474035472470448,0.18678252551020408,0,144,1.0,True
153,results/preprocessed/srad_nopad/test/infected/Image_Rotate_Rotate_Right_013.npy,1,1,1,0.9999805688858032,0.00023000761575531214,0.0358719868598309,0.9641280629860399,0.18678252551020408,112,79,1.0,False
300,results/preprocessed/srad_nopad/test/infected/image11613.npy,1,1,1,0.9996925592422485,0.002794218948110938,0.028757230733651076,0.9712427904913868,0.18678252551020408,143,143,1.0,False
15,results/preprocessed/srad_nopad/test/noninfected/Image_235.npy,0,0,1,0.0136186508461833,0.07203550636768341,0.025347515384838974,0.9746525146074392,0.18678252551020408,143,144,1.0,False
119,results/preprocessed/srad_nopad/test/infected/Image_719.npy,1,1,1,0.9980412721633911,0.014170441776514053,0.010404314503372704,0.9895956625293104,0.18678252551020408,143,144,1.0,False
348,results/preprocessed/srad_nopad/test/infected/image12079.npy,1,1,1,0.9999884366989136,0.00014303874922916293,0.08313899505241273,0.9168610758998622,0.18678252551020408,111,112,1.0,False
0,results/preprocessed/srad_nopad/test/noninfected/Image_003.npy,0,0,1,0.003180507104843855,0.02146563120186329,0.07061536897362329,0.9293846881818649,0.18678252551020408,112,111,1.0,False
57,results/preprocessed/srad_nopad/test/noninfected/Image_995.npy,0,0,1,0.13464462757110596,0.39512157440185547,0.17616476049186505,0.8238351460107508,0.18678252551020408,112,0,1.0,True
69,results/preprocessed/srad_nopad/test/noninfected/Image_resize_402.npy,0,0,1,0.0027022797148674726,0.018679004162549973,0.03961190876076796,0.9603881382232644,0.18678252551020408,143,80,1.0,False
34,results/preprocessed/srad_nopad/test/noninfected/Image_653.npy,0,0,1,0.24711383879184723,0.5591421127319336,0.060582505453084225,0.9394175650709495,0.18678252551020408,143,79,1.0,False
19,results/preprocessed/srad_nopad/test/noninfected/Image_353.npy,0,0,1,0.0009682222153060138,0.007687258534133434,0.033718817019453784,0.9662812358211142,0.18678252551020408,112,80,1.0,False
76,results/preprocessed/srad_nopad/test/noninfected/Image_resize_626.npy,0,0,1,0.004065640736371279,0.02643945813179016,0.05720970150981845,0.9427903642763313,0.18678252551020408,143,175,1.0,False
357,results/preprocessed/srad_nopad/test/infected/image12181.npy,1,1,1,0.9999814033508301,0.00022083688236307353,0.0708881857591015,0.9291119178558239,0.18678252551020408,112,112,1.0,False
285,results/preprocessed/srad_nopad/test/infected/image11458.npy,1,1,1,0.9915068745613098,0.04895630106329918,0.16527300695907773,0.8347270569263088,0.18678252551020408,208,176,1.0,False
43,results/preprocessed/srad_nopad/test/noninfected/Image_801.npy,0,0,1,0.10004676133394241,0.32518571615219116,0.018839062480079154,0.98116110956359,0.18678252551020408,80,112,1.0,False
23,results/preprocessed/srad_nopad/test/noninfected/Image_403.npy,0,0,1,0.023273088037967682,0.11051762104034424,0.06888735326145044,0.9311126467385495,0.18678252551020408,112,80,1.0,False
60,results/preprocessed/srad_nopad/test/noninfected/Image_resize_130.npy,0,0,1,0.005686427466571331,0.03506717458367348,0.054269460278616,0.9457304843850954,0.18678252551020408,111,111,1.0,False
308,results/preprocessed/srad_nopad/test/infected/image11730.npy,1,1,1,0.9990459084510803,0.007589119020849466,0.05334111734044453,0.9466590002983729,0.18678252551020408,143,80,1.0,False
317,results/preprocessed/srad_nopad/test/infected/image11802.npy,1,1,1,0.9999868869781494,0.0001605865400051698,0.07016590580120168,0.9298340892630705,0.18678252551020408,143,80,1.0,False
140,results/preprocessed/srad_nopad/test/infected/Image_Rotate_011.npy,1,1,1,0.9977045655250549,0.016241934150457382,0.04038011838220729,0.9596198887003726,0.18678252551020408,111,144,1.0,False
137,results/preprocessed/srad_nopad/test/infected/Image_991.npy,1,1,1,0.9996253252029419,0.0033306963741779327,0.04593625903565779,0.9540637655208741,0.18678252551020408,111,111,1.0,False
323,results/preprocessed/srad_nopad/test/infected/image11847.npy,1,1,1,0.9997634291648865,0.0022117176558822393,0.03060139877971909,0.9693986836004461,0.18678252551020408,111,112,1.0,False
12,results/preprocessed/srad_nopad/test/noninfected/Image_185.npy,0,0,1,0.30745574831962585,0.6170498132705688,0.15316532875554104,0.8468346990169322,0.18678252551020408,111,176,1.0,False
14,results/preprocessed/srad_nopad/test/noninfected/Image_217.npy,0,0,1,0.005021259654313326,0.031591568142175674,0.04082293833722471,0.9591769880368702,0.18678252551020408,112,144,1.0,False
223,results/preprocessed/srad_nopad/test/infected/image10547.npy,1,1,1,0.634189784526825,0.6566880941390991,0.1526804520369404,0.8473194999562819,0.18678252551020408,47,112,1.0,False
68,results/preprocessed/srad_nopad/test/noninfected/Image_resize_396.npy,0,0,1,0.0020998266991227865,0.015044988133013248,0.016395186819829072,0.9836048316408035,0.18678252551020408,143,112,1.0,False
38,results/preprocessed/srad_nopad/test/noninfected/Image_719.npy,0,0,1,0.0009890665533021092,0.00783169362694025,0.0676804215127103,0.9323195474999785,0.18678252551020408,112,80,1.0,False
67,results/preprocessed/srad_nopad/test/noninfected/Image_resize_356.npy,0,0,1,0.005807826761156321,0.03569279983639717,0.042332100746490846,0.957667872970397,0.18678252551020408,143,111,1.0,False
53,results/preprocessed/srad_nopad/test/noninfected/Image_943.npy,0,0,1,0.009897984564304352,0.055532198399305344,0.024033490592816953,0.9759664243853077,0.18678252551020408,111,144,1.0,False
7,results/preprocessed/srad_nopad/test/noninfected/Image_135.npy,0,0,1,0.003009912557899952,0.02048046514391899,0.10280783259194885,0.8971921904228838,0.18678252551020408,80,0,1.0,True
236,results/preprocessed/srad_nopad/test/infected/image10690.npy,1,1,1,0.9908319115638733,0.0521426722407341,0.028597166646132377,0.971402731105521,0.18678252551020408,79,143,1.0,False
367,results/preprocessed/srad_nopad/test/infected/image12550.npy,1,1,1,0.8356623649597168,0.44679319858551025,0.24182069695705607,0.7581793455571236,0.18678252551020408,0,143,1.0,True
41,results/preprocessed/srad_nopad/test/noninfected/Image_753.npy,0,0,1,0.07746975868940353,0.272545725107193,0.017079391266403333,0.9829205472090414,0.18678252551020408,80,112,1.0,False
269,results/preprocessed/srad_nopad/test/infected/image11284.npy,1,1,1,0.9732199311256409,0.12336452305316925,0.07742987843032455,0.9225702466535833,0.18678252551020408,143,144,1.0,False
66,results/preprocessed/srad_nopad/test/noninfected/Image_resize_273.npy,0,0,1,0.008472788147628307,0.048859529197216034,0.03478823189560797,0.9652118337813024,0.18678252551020408,112,111,1.0,False
20,results/preprocessed/srad_nopad/test/noninfected/Image_357.npy,0,0,1,0.006750179920345545,0.04046592861413956,0.02449314036222016,0.9755068861461215,0.18678252551020408,111,112,1.0,False
170,results/preprocessed/srad_nopad/test/infected/Image_resize_007.npy,1,1,1,0.9995487332344055,0.003927011042833328,0.05520614535392697,0.9447938938521548,0.18678252551020408,80,175,1.0,False
101,results/preprocessed/srad_nopad/test/infected/Image_357.npy,1,1,1,0.9996034502983093,0.0035029042046517134,0.07359809215924648,0.9264019954893314,0.18678252551020408,80,80,1.0,False
286,results/preprocessed/srad_nopad/test/infected/image11464.npy,1,1,1,0.7767817378044128,0.5309511423110962,0.07149003999394457,0.9285100656150773,0.18678252551020408,143,79,1.0,False
80,results/preprocessed/srad_nopad/test/noninfected/Image_resize_780.npy,0,0,1,0.0012797858798876405,0.009803625755012035,0.036860404062905285,0.9631395870842046,0.18678252551020408,143,80,1.0,False
44,results/preprocessed/srad_nopad/test/noninfected/Image_829.npy,0,0,1,0.008523883298039436,0.04910275340080261,0.02646984002772746,0.9735302455586204,0.18678252551020408,112,112,1.0,False
8,results/preprocessed/srad_nopad/test/noninfected/Image_149.npy,0,0,1,0.004228931851685047,0.02733457460999489,0.04003982604843533,0.959960202949369,0.18678252551020408,111,79,1.0,False
39,results/preprocessed/srad_nopad/test/noninfected/Image_745.npy,0,0,1,0.030606701970100403,0.13684482872486115,0.18553278188969916,0.8144672488288847,0.18678252551020408,111,208,1.0,False
33,results/preprocessed/srad_nopad/test/noninfected/Image_635.npy,0,0,1,0.05414796248078346,0.21055205166339874,0.04874785943784431,0.9512521650896348,0.18678252551020408,144,80,1.0,False
29,results/preprocessed/srad_nopad/test/noninfected/Image_527.npy,0,0,1,0.023823387920856476,0.11256740987300873,0.03639796952129555,0.9636020339324728,0.18678252551020408,144,80,1.0,False
365,results/preprocessed/srad_nopad/test/infected/image12537.npy,1,1,1,0.9279693365097046,0.2588602900505066,0.1261454008822642,0.8738546976228355,0.18678252551020408,47,112,1.0,False
52,results/preprocessed/srad_nopad/test/noninfected/Image_927.npy,0,1,0,0.7212619781494141,0.5917574763298035,0.0782586121565429,0.9217414263886683,0.18678252551020408,111,111,1.0,False
11,results/preprocessed/srad_nopad/test/noninfected/Image_179.npy,0,0,1,0.029721882194280624,0.13377410173416138,0.015852215557295466,0.9841477115078857,0.18678252551020408,111,112,1.0,False
207,results/preprocessed/srad_nopad/test/infected/image10338.npy,1,1,1,0.999422550201416,0.004883764311671257,0.0687010775430541,0.9312989030172372,0.18678252551020408,111,112,1.0,False
330,results/preprocessed/srad_nopad/test/infected/image11907.npy,1,1,1,0.9999092817306519,0.0009348012390546501,0.05225272102492378,0.9477471901285253,0.18678252551020408,112,111,1.0,False
106,results/preprocessed/srad_nopad/test/infected/Image_461.npy,1,1,1,0.9998810291290283,0.0011942043201997876,0.05035914407922978,0.9496408495329204,0.18678252551020408,112,111,1.0,False
218,results/preprocessed/srad_nopad/test/infected/image10501.npy,1,1,1,0.7924713492393494,0.5106638669967651,0.1443567786413359,0.8556431747582136,0.18678252551020408,47,80,1.0,False
206,results/preprocessed/srad_nopad/test/infected/image10336.npy,1,1,1,0.9783459305763245,0.1044086441397667,0.06544722965723444,0.9345527650841281,0.18678252551020408,80,143,1.0,False
235,results/preprocessed/srad_nopad/test/infected/image10688.npy,1,1,1,0.9720355868339539,0.12759332358837128,0.06681963118314971,0.9331803750485825,0.18678252551020408,48,112,1.0,False
338,results/preprocessed/srad_nopad/test/infected/image11976.npy,1,1,1,0.9999195337295532,0.0008392257150262594,0.04877733176115483,0.9512225828438656,0.18678252551020408,80,80,1.0,False
252,results/preprocessed/srad_nopad/test/infected/image10901.npy,1,1,1,0.8208167552947998,0.47015273571014404,0.1372017923672717,0.862798220649723,0.18678252551020408,47,143,1.0,False
28,results/preprocessed/srad_nopad/test/noninfected/Image_521.npy,0,0,1,0.0316864512860775,0.14055640995502472,0.04343445211008192,0.9565655625598092,0.18678252551020408,112,112,1.0,False
46,results/preprocessed/srad_nopad/test/noninfected/Image_883.npy,0,0,1,0.003703084774315357,0.024428240954875946,0.040136767380071756,0.9598632492455939,0.18678252551020408,112,111,1.0,False
59,results/preprocessed/srad_nopad/test/noninfected/Image_resize_129.npy,0,0,1,0.0038479426875710487,0.025235997512936592,0.02133440941786011,0.9786655808590312,0.18678252551020408,144,112,1.0,False
16,results/preprocessed/srad_nopad/test/noninfected/Image_295.npy,0,0,1,0.003633144311606884,0.024036290124058723,0.07277855133756833,0.9272214727358691,0.18678252551020408,80,48,1.0,False
372,results/preprocessed/srad_nopad/test/infected/image12604.npy,1,1,1,0.9982185959815979,0.013056413270533085,0.13832427617201107,0.8616756621796986,0.18678252551020408,47,143,1.0,False
21,results/preprocessed/srad_nopad/test/noninfected/Image_377.npy,0,0,1,0.002898056525737047,0.019829249009490013,0.12473148338407321,0.875268607496027,0.18678252551020408,80,80,1.0,False
64,results/preprocessed/srad_nopad/test/noninfected/Image_resize_145.npy,0,0,1,0.010984372347593307,0.06047740951180458,0.03318276962568319,0.9668172457562723,0.18678252551020408,143,143,1.0,False
336,results/preprocessed/srad_nopad/test/infected/image11963.npy,1,1,1,0.9999330043792725,0.0007104433607310057,0.06066796866552201,0.9393320147158561,0.18678252551020408,111,143,1.0,False
281,results/preprocessed/srad_nopad/test/infected/image11432.npy,1,1,1,0.8954059481620789,0.3350614309310913,0.10942958888624951,0.8905703496801356,0.18678252551020408,143,112,1.0,False
