inf_path,nor_path,inf_clean_p,nor_clean_p,inf_swap_p,nor_swap_p,inf_p_change,nor_p_change
results/preprocessed/gauss/test/infected/Image_003.npy,results/preprocessed/gauss/test/noninfected/Image_003.npy,0.996923,0.005899,0.930063,0.889530,-0.066860,+0.883631
results/preprocessed/gauss/test/infected/Image_027.npy,results/preprocessed/gauss/test/noninfected/Image_027.npy,0.999882,0.007141,0.958232,0.751746,-0.041649,+0.744606
results/preprocessed/gauss/test/infected/Image_041.npy,results/preprocessed/gauss/test/noninfected/Image_041.npy,0.995287,0.001658,0.986791,0.033110,-0.008497,+0.031452
results/preprocessed/gauss/test/infected/Image_043.npy,results/preprocessed/gauss/test/noninfected/Image_043.npy,0.993678,0.007728,0.684346,0.066879,-0.309332,+0.059151
results/preprocessed/gauss/test/infected/Image_069.npy,results/preprocessed/gauss/test/noninfected/Image_069.npy,0.999814,0.002715,0.869041,0.199767,-0.130773,+0.197053
results/preprocessed/gauss/test/infected/Image_1013.npy,results/preprocessed/gauss/test/noninfected/Image_1013.npy,0.995367,0.003883,0.968473,0.346117,-0.026894,+0.342233
results/preprocessed/gauss/test/infected/Image_117.npy,results/preprocessed/gauss/test/noninfected/Image_117.npy,0.999877,0.001325,0.904279,0.283867,-0.095598,+0.282542
results/preprocessed/gauss/test/infected/Image_135.npy,results/preprocessed/gauss/test/noninfected/Image_135.npy,0.994073,0.005923,0.959332,0.009731,-0.034741,+0.003808
results/preprocessed/gauss/test/infected/Image_149.npy,results/preprocessed/gauss/test/noninfected/Image_149.npy,0.999403,0.005957,0.967610,0.838397,-0.031794,+0.832440
results/preprocessed/gauss/test/infected/Image_157.npy,results/preprocessed/gauss/test/noninfected/Image_157.npy,0.947069,0.003201,0.904568,0.009525,-0.042502,+0.006324
results/preprocessed/gauss/test/infected/Image_173.npy,results/preprocessed/gauss/test/noninfected/Image_173.npy,0.994746,0.025793,0.962855,0.084010,-0.031890,+0.058217
results/preprocessed/gauss/test/infected/Image_179.npy,results/preprocessed/gauss/test/noninfected/Image_179.npy,0.996588,0.060550,0.979353,0.556354,-0.017235,+0.495804
results/preprocessed/gauss/test/infected/Image_185.npy,results/preprocessed/gauss/test/noninfected/Image_185.npy,0.993126,0.002960,0.586385,0.073028,-0.406741,+0.070068
results/preprocessed/gauss/test/infected/Image_187.npy,results/preprocessed/gauss/test/noninfected/Image_187.npy,0.997299,0.002801,0.985249,0.036820,-0.012050,+0.034019
results/preprocessed/gauss/test/infected/Image_217.npy,results/preprocessed/gauss/test/noninfected/Image_217.npy,0.999072,0.003535,0.984221,0.226011,-0.014851,+0.222475
results/preprocessed/gauss/test/infected/Image_235.npy,results/preprocessed/gauss/test/noninfected/Image_235.npy,0.997488,0.008878,0.871275,0.033909,-0.126214,+0.025031
results/preprocessed/gauss/test/infected/Image_295.npy,results/preprocessed/gauss/test/noninfected/Image_295.npy,0.997820,0.003862,0.981933,0.022167,-0.015887,+0.018306
results/preprocessed/gauss/test/infected/Image_297.npy,results/preprocessed/gauss/test/noninfected/Image_297.npy,0.990906,0.002695,0.942719,0.020026,-0.048188,+0.017331
results/preprocessed/gauss/test/infected/Image_307.npy,results/preprocessed/gauss/test/noninfected/Image_307.npy,0.995107,0.002729,0.983195,0.155819,-0.011913,+0.153091
results/preprocessed/gauss/test/infected/Image_353.npy,results/preprocessed/gauss/test/noninfected/Image_353.npy,0.997160,0.004347,0.959852,0.092497,-0.037308,+0.088150
results/preprocessed/gauss/test/infected/Image_357.npy,results/preprocessed/gauss/test/noninfected/Image_357.npy,0.999963,0.020985,0.998370,0.113951,-0.001593,+0.092966
results/preprocessed/gauss/test/infected/Image_377.npy,results/preprocessed/gauss/test/noninfected/Image_377.npy,0.999411,0.008808,0.935353,0.959413,-0.064059,+0.950604
results/preprocessed/gauss/test/infected/Image_385.npy,results/preprocessed/gauss/test/noninfected/Image_385.npy,0.999256,0.004031,0.935157,0.022650,-0.064099,+0.018619
results/preprocessed/gauss/test/infected/Image_403.npy,results/preprocessed/gauss/test/noninfected/Image_403.npy,0.990404,0.008931,0.822889,0.611615,-0.167515,+0.602684
results/preprocessed/gauss/test/infected/Image_457.npy,results/preprocessed/gauss/test/noninfected/Image_457.npy,0.986338,0.005457,0.990468,0.020773,+0.004130,+0.015316
results/preprocessed/gauss/test/infected/Image_461.npy,results/preprocessed/gauss/test/noninfected/Image_461.npy,0.998291,0.000977,0.968406,0.038480,-0.029885,+0.037503
results/preprocessed/gauss/test/infected/Image_479.npy,results/preprocessed/gauss/test/noninfected/Image_479.npy,0.998072,0.002034,0.894190,0.498260,-0.103882,+0.496225
results/preprocessed/gauss/test/infected/Image_515.npy,results/preprocessed/gauss/test/noninfected/Image_515.npy,0.966893,0.019439,0.947980,0.085699,-0.018913,+0.066260
results/preprocessed/gauss/test/infected/Image_521.npy,results/preprocessed/gauss/test/noninfected/Image_521.npy,0.998810,0.007698,0.975066,0.048399,-0.023744,+0.040701
results/preprocessed/gauss/test/infected/Image_527.npy,results/preprocessed/gauss/test/noninfected/Image_527.npy,0.989581,0.002100,0.960379,0.058813,-0.029202,+0.056714
results/preprocessed/gauss/test/infected/Image_591.npy,results/preprocessed/gauss/test/noninfected/Image_591.npy,0.997980,0.013779,0.902446,0.693635,-0.095534,+0.679856
results/preprocessed/gauss/test/infected/Image_601.npy,results/preprocessed/gauss/test/noninfected/Image_601.npy,0.999631,0.001787,0.954755,0.694870,-0.044876,+0.693084
results/preprocessed/gauss/test/infected/Image_605.npy,results/preprocessed/gauss/test/noninfected/Image_605.npy,0.990489,0.035165,0.989630,0.321234,-0.000858,+0.286068
results/preprocessed/gauss/test/infected/Image_635.npy,results/preprocessed/gauss/test/noninfected/Image_635.npy,0.978093,0.001746,0.995667,0.010771,+0.017574,+0.009025
results/preprocessed/gauss/test/infected/Image_653.npy,results/preprocessed/gauss/test/noninfected/Image_653.npy,0.989595,0.010403,0.924826,0.821996,-0.064770,+0.811593
results/preprocessed/gauss/test/infected/Image_661.npy,results/preprocessed/gauss/test/noninfected/Image_661.npy,0.997109,0.012180,0.977939,0.982534,-0.019170,+0.970354
results/preprocessed/gauss/test/infected/Image_665.npy,results/preprocessed/gauss/test/noninfected/Image_665.npy,0.999800,0.003591,0.928420,0.425700,-0.071379,+0.422109
results/preprocessed/gauss/test/infected/Image_707.npy,results/preprocessed/gauss/test/noninfected/Image_707.npy,0.998787,0.002893,0.984430,0.324216,-0.014357,+0.321323
results/preprocessed/gauss/test/infected/Image_719.npy,results/preprocessed/gauss/test/noninfected/Image_719.npy,0.988564,0.004335,0.979352,0.010063,-0.009212,+0.005728
results/preprocessed/gauss/test/infected/Image_745.npy,results/preprocessed/gauss/test/noninfected/Image_745.npy,0.983268,0.008773,0.967562,0.942311,-0.015706,+0.933538
results/preprocessed/gauss/test/infected/Image_749.npy,results/preprocessed/gauss/test/noninfected/Image_749.npy,0.995017,0.004396,0.983240,0.067841,-0.011777,+0.063445
results/preprocessed/gauss/test/infected/Image_753.npy,results/preprocessed/gauss/test/noninfected/Image_753.npy,0.997440,0.032366,0.978593,0.292949,-0.018847,+0.260584
results/preprocessed/gauss/test/infected/Image_777.npy,results/preprocessed/gauss/test/noninfected/Image_777.npy,0.999985,0.003972,0.988972,0.048570,-0.011013,+0.044598
results/preprocessed/gauss/test/infected/Image_801.npy,results/preprocessed/gauss/test/noninfected/Image_801.npy,0.996468,0.036867,0.967346,0.391216,-0.029122,+0.354349
results/preprocessed/gauss/test/infected/Image_829.npy,results/preprocessed/gauss/test/noninfected/Image_829.npy,0.997284,0.001385,0.983720,0.276571,-0.013563,+0.275186
results/preprocessed/gauss/test/infected/Image_845.npy,results/preprocessed/gauss/test/noninfected/Image_845.npy,0.996527,0.025383,0.781726,0.146406,-0.214801,+0.121023
results/preprocessed/gauss/test/infected/Image_883.npy,results/preprocessed/gauss/test/noninfected/Image_883.npy,0.999925,0.003226,0.998222,0.047805,-0.001703,+0.044580
results/preprocessed/gauss/test/infected/Image_891.npy,results/preprocessed/gauss/test/noninfected/Image_891.npy,0.995804,0.003409,0.440368,0.010450,-0.555435,+0.007041
results/preprocessed/gauss/test/infected/Image_893.npy,results/preprocessed/gauss/test/noninfected/Image_893.npy,0.999021,0.023670,0.980758,0.066419,-0.018264,+0.042749
results/preprocessed/gauss/test/infected/Image_907.npy,results/preprocessed/gauss/test/noninfected/Image_907.npy,0.997004,0.002200,0.985990,0.055690,-0.011014,+0.053490
results/preprocessed/gauss/test/infected/Image_923.npy,results/preprocessed/gauss/test/noninfected/Image_923.npy,0.999930,0.013625,0.986434,0.243224,-0.013496,+0.229599
results/preprocessed/gauss/test/infected/Image_925.npy,results/preprocessed/gauss/test/noninfected/Image_925.npy,0.999116,0.010000,0.967938,0.048885,-0.031178,+0.038885
results/preprocessed/gauss/test/infected/Image_927.npy,results/preprocessed/gauss/test/noninfected/Image_927.npy,0.998778,0.089601,0.995811,0.616642,-0.002967,+0.527041
results/preprocessed/gauss/test/infected/Image_943.npy,results/preprocessed/gauss/test/noninfected/Image_943.npy,0.999456,0.007588,0.986879,0.084623,-0.012577,+0.077035
results/preprocessed/gauss/test/infected/Image_957.npy,results/preprocessed/gauss/test/noninfected/Image_957.npy,0.986278,0.007545,0.983647,0.014582,-0.002631,+0.007037
results/preprocessed/gauss/test/infected/Image_983.npy,results/preprocessed/gauss/test/noninfected/Image_983.npy,0.999904,0.011335,0.988609,0.675492,-0.011295,+0.664157
results/preprocessed/gauss/test/infected/Image_991.npy,results/preprocessed/gauss/test/noninfected/Image_991.npy,0.987861,0.512663,0.958153,0.602275,-0.029708,+0.089612
results/preprocessed/gauss/test/infected/Image_995.npy,results/preprocessed/gauss/test/noninfected/Image_995.npy,0.995548,0.019103,0.989893,0.293097,-0.005655,+0.273994
results/preprocessed/gauss/test/infected/Image_Rotate_007.npy,results/preprocessed/gauss/test/noninfected/Image_resize_114.npy,0.988151,0.025721,0.869624,0.047799,-0.118527,+0.022078
results/preprocessed/gauss/test/infected/Image_Rotate_011.npy,results/preprocessed/gauss/test/noninfected/Image_resize_129.npy,0.996424,0.010934,0.947168,0.012049,-0.049256,+0.001115
results/preprocessed/gauss/test/infected/Image_Rotate_019.npy,results/preprocessed/gauss/test/noninfected/Image_resize_130.npy,0.948277,0.008045,0.930182,0.006129,-0.018094,-0.001916
results/preprocessed/gauss/test/infected/Image_Rotate_021.npy,results/preprocessed/gauss/test/noninfected/Image_resize_132.npy,0.997634,0.002056,0.976825,0.020879,-0.020810,+0.018823
results/preprocessed/gauss/test/infected/Image_Rotate_055.npy,results/preprocessed/gauss/test/noninfected/Image_resize_138.npy,0.989926,0.011542,0.961098,0.133138,-0.028828,+0.121596
results/preprocessed/gauss/test/infected/Image_Rotate_095.npy,results/preprocessed/gauss/test/noninfected/Image_resize_140.npy,0.993397,0.015107,0.952661,0.065852,-0.040736,+0.050745
results/preprocessed/gauss/test/infected/Image_Rotate_101.npy,results/preprocessed/gauss/test/noninfected/Image_resize_145.npy,0.842826,0.006016,0.865099,0.009726,+0.022273,+0.003710
results/preprocessed/gauss/test/infected/Image_Rotate_111.npy,results/preprocessed/gauss/test/noninfected/Image_resize_234.npy,0.999898,0.004633,0.976482,0.021847,-0.023416,+0.017214
results/preprocessed/gauss/test/infected/Image_Rotate_121.npy,results/preprocessed/gauss/test/noninfected/Image_resize_273.npy,0.992168,0.002121,0.951930,0.022518,-0.040239,+0.020396
results/preprocessed/gauss/test/infected/Image_Rotate_133.npy,results/preprocessed/gauss/test/noninfected/Image_resize_356.npy,0.993670,0.003761,0.981201,0.005138,-0.012470,+0.001377
results/preprocessed/gauss/test/infected/Image_Rotate_149.npy,results/preprocessed/gauss/test/noninfected/Image_resize_396.npy,0.981706,0.002725,0.950329,0.081156,-0.031377,+0.078431
results/preprocessed/gauss/test/infected/Image_Rotate_155.npy,results/preprocessed/gauss/test/noninfected/Image_resize_402.npy,0.988638,0.011802,0.874035,0.078621,-0.114603,+0.066820
results/preprocessed/gauss/test/infected/Image_Rotate_185.npy,results/preprocessed/gauss/test/noninfected/Image_resize_450.npy,0.992618,0.008739,0.822122,0.012804,-0.170496,+0.004065
results/preprocessed/gauss/test/infected/Image_Rotate_189.npy,results/preprocessed/gauss/test/noninfected/Image_resize_465.npy,0.966212,0.002565,0.365945,0.015801,-0.600267,+0.013236
results/preprocessed/gauss/test/infected/Image_Rotate_Rotate_Right_013.npy,results/preprocessed/gauss/test/noninfected/Image_resize_498.npy,0.951590,0.003018,0.877877,0.096700,-0.073713,+0.093683
results/preprocessed/gauss/test/infected/Image_Rotate_Rotate_Right_021.npy,results/preprocessed/gauss/test/noninfected/Image_resize_500.npy,0.999045,0.002721,0.987109,0.061357,-0.011937,+0.058636
results/preprocessed/gauss/test/infected/Image_Rotate_Rotate_Right_025.npy,results/preprocessed/gauss/test/noninfected/Image_resize_506.npy,0.843243,0.024544,0.871306,0.026492,+0.028063,+0.001948
results/preprocessed/gauss/test/infected/Image_Rotate_Rotate_Right_035.npy,results/preprocessed/gauss/test/noninfected/Image_resize_578.npy,0.978549,0.008657,0.953364,0.007510,-0.025184,-0.001147
results/preprocessed/gauss/test/infected/Image_Rotate_Rotate_Right_051.npy,results/preprocessed/gauss/test/noninfected/Image_resize_626.npy,0.991817,0.001528,0.985394,0.005529,-0.006423,+0.004001
results/preprocessed/gauss/test/infected/Image_Rotate_Rotate_Right_053.npy,results/preprocessed/gauss/test/noninfected/Image_resize_658.npy,0.947267,0.000718,0.715956,0.001500,-0.231311,+0.000782
results/preprocessed/gauss/test/infected/Image_Rotate_Rotate_Right_059.npy,results/preprocessed/gauss/test/noninfected/Image_resize_684.npy,0.965864,0.004775,0.873688,0.040932,-0.092176,+0.036157
results/preprocessed/gauss/test/infected/Image_Rotate_Rotate_Right_063.npy,results/preprocessed/gauss/test/noninfected/Image_resize_753.npy,0.953024,0.003822,0.908540,0.010236,-0.044484,+0.006414
results/preprocessed/gauss/test/infected/Image_Rotate_Rotate_Right_077.npy,results/preprocessed/gauss/test/noninfected/Image_resize_780.npy,0.989620,0.001046,0.953837,0.004450,-0.035783,+0.003404
