path,label,pred,prob_infected
results/preprocessed/srad/test/noninfected/Image_003.npy,0,0,0.014194
results/preprocessed/srad/test/noninfected/Image_027.npy,0,0,0.054055
results/preprocessed/srad/test/noninfected/Image_041.npy,0,0,0.005496
results/preprocessed/srad/test/noninfected/Image_043.npy,0,0,0.045056
results/preprocessed/srad/test/noninfected/Image_069.npy,0,0,0.087128
results/preprocessed/srad/test/noninfected/Image_1013.npy,0,0,0.029561
results/preprocessed/srad/test/noninfected/Image_117.npy,0,0,0.035400
results/preprocessed/srad/test/noninfected/Image_135.npy,0,0,0.015988
results/preprocessed/srad/test/noninfected/Image_149.npy,0,0,0.040416
results/preprocessed/srad/test/noninfected/Image_157.npy,0,0,0.005597
results/preprocessed/srad/test/noninfected/Image_173.npy,0,0,0.163378
results/preprocessed/srad/test/noninfected/Image_179.npy,0,0,0.074494
results/preprocessed/srad/test/noninfected/Image_185.npy,0,0,0.026773
results/preprocessed/srad/test/noninfected/Image_187.npy,0,0,0.003072
results/preprocessed/srad/test/noninfected/Image_217.npy,0,0,0.009208
results/preprocessed/srad/test/noninfected/Image_235.npy,0,0,0.049123
results/preprocessed/srad/test/noninfected/Image_295.npy,0,0,0.022503
results/preprocessed/srad/test/noninfected/Image_297.npy,0,0,0.005716
results/preprocessed/srad/test/noninfected/Image_307.npy,0,0,0.041802
results/preprocessed/srad/test/noninfected/Image_353.npy,0,0,0.028729
results/preprocessed/srad/test/noninfected/Image_357.npy,0,0,0.022790
results/preprocessed/srad/test/noninfected/Image_377.npy,0,0,0.043789
results/preprocessed/srad/test/noninfected/Image_385.npy,0,0,0.002021
results/preprocessed/srad/test/noninfected/Image_403.npy,0,0,0.151415
results/preprocessed/srad/test/noninfected/Image_457.npy,0,0,0.004257
results/preprocessed/srad/test/noninfected/Image_461.npy,0,0,0.000986
results/preprocessed/srad/test/noninfected/Image_479.npy,0,0,0.127381
results/preprocessed/srad/test/noninfected/Image_515.npy,0,0,0.406377
results/preprocessed/srad/test/noninfected/Image_521.npy,0,0,0.098802
results/preprocessed/srad/test/noninfected/Image_527.npy,0,0,0.024638
results/preprocessed/srad/test/noninfected/Image_591.npy,0,0,0.066549
results/preprocessed/srad/test/noninfected/Image_601.npy,0,0,0.012865
results/preprocessed/srad/test/noninfected/Image_605.npy,0,0,0.093001
results/preprocessed/srad/test/noninfected/Image_635.npy,0,0,0.023953
results/preprocessed/srad/test/noninfected/Image_653.npy,0,0,0.070541
results/preprocessed/srad/test/noninfected/Image_661.npy,0,0,0.210064
results/preprocessed/srad/test/noninfected/Image_665.npy,0,0,0.069693
results/preprocessed/srad/test/noninfected/Image_707.npy,0,0,0.029718
results/preprocessed/srad/test/noninfected/Image_719.npy,0,0,0.007206
results/preprocessed/srad/test/noninfected/Image_745.npy,0,0,0.167006
results/preprocessed/srad/test/noninfected/Image_749.npy,0,0,0.006087
results/preprocessed/srad/test/noninfected/Image_753.npy,0,0,0.095000
results/preprocessed/srad/test/noninfected/Image_777.npy,0,0,0.010595
results/preprocessed/srad/test/noninfected/Image_801.npy,0,0,0.083329
results/preprocessed/srad/test/noninfected/Image_829.npy,0,0,0.100071
results/preprocessed/srad/test/noninfected/Image_845.npy,0,0,0.142062
results/preprocessed/srad/test/noninfected/Image_883.npy,0,0,0.009404
results/preprocessed/srad/test/noninfected/Image_891.npy,0,0,0.032491
results/preprocessed/srad/test/noninfected/Image_893.npy,0,0,0.029339
results/preprocessed/srad/test/noninfected/Image_907.npy,0,0,0.012067
results/preprocessed/srad/test/noninfected/Image_923.npy,0,0,0.012925
results/preprocessed/srad/test/noninfected/Image_925.npy,0,0,0.052022
results/preprocessed/srad/test/noninfected/Image_927.npy,0,1,0.542451
results/preprocessed/srad/test/noninfected/Image_943.npy,0,0,0.054227
results/preprocessed/srad/test/noninfected/Image_957.npy,0,0,0.315238
results/preprocessed/srad/test/noninfected/Image_983.npy,0,0,0.044435
results/preprocessed/srad/test/noninfected/Image_991.npy,0,1,0.564116
results/preprocessed/srad/test/noninfected/Image_995.npy,0,0,0.305189
results/preprocessed/srad/test/noninfected/Image_resize_114.npy,0,0,0.019668
results/preprocessed/srad/test/noninfected/Image_resize_129.npy,0,0,0.015272
results/preprocessed/srad/test/noninfected/Image_resize_130.npy,0,0,0.023219
results/preprocessed/srad/test/noninfected/Image_resize_132.npy,0,0,0.029310
results/preprocessed/srad/test/noninfected/Image_resize_138.npy,0,0,0.012933
results/preprocessed/srad/test/noninfected/Image_resize_140.npy,0,0,0.013050
results/preprocessed/srad/test/noninfected/Image_resize_145.npy,0,0,0.061386
results/preprocessed/srad/test/noninfected/Image_resize_234.npy,0,0,0.018506
results/preprocessed/srad/test/noninfected/Image_resize_273.npy,0,0,0.022603
results/preprocessed/srad/test/noninfected/Image_resize_356.npy,0,0,0.020974
results/preprocessed/srad/test/noninfected/Image_resize_396.npy,0,0,0.009665
results/preprocessed/srad/test/noninfected/Image_resize_402.npy,0,0,0.055903
results/preprocessed/srad/test/noninfected/Image_resize_450.npy,0,0,0.051894
results/preprocessed/srad/test/noninfected/Image_resize_465.npy,0,0,0.039653
results/preprocessed/srad/test/noninfected/Image_resize_498.npy,0,0,0.019471
results/preprocessed/srad/test/noninfected/Image_resize_500.npy,0,0,0.006621
results/preprocessed/srad/test/noninfected/Image_resize_506.npy,0,0,0.031337
results/preprocessed/srad/test/noninfected/Image_resize_578.npy,0,0,0.005008
results/preprocessed/srad/test/noninfected/Image_resize_626.npy,0,0,0.068899
results/preprocessed/srad/test/noninfected/Image_resize_658.npy,0,0,0.001643
results/preprocessed/srad/test/noninfected/Image_resize_684.npy,0,0,0.016743
results/preprocessed/srad/test/noninfected/Image_resize_753.npy,0,0,0.006546
results/preprocessed/srad/test/noninfected/Image_resize_780.npy,0,0,0.016019
results/preprocessed/srad/test/infected/Image_003.npy,1,1,0.999533
results/preprocessed/srad/test/infected/Image_027.npy,1,1,0.999222
results/preprocessed/srad/test/infected/Image_041.npy,1,1,0.996104
results/preprocessed/srad/test/infected/Image_043.npy,1,1,0.999918
results/preprocessed/srad/test/infected/Image_069.npy,1,1,0.997801
results/preprocessed/srad/test/infected/Image_1013.npy,1,1,0.999174
results/preprocessed/srad/test/infected/Image_117.npy,1,1,0.999867
results/preprocessed/srad/test/infected/Image_135.npy,1,1,0.999441
results/preprocessed/srad/test/infected/Image_149.npy,1,1,0.996525
results/preprocessed/srad/test/infected/Image_157.npy,1,1,0.999109
results/preprocessed/srad/test/infected/Image_173.npy,1,1,0.999916
results/preprocessed/srad/test/infected/Image_179.npy,1,1,0.999772
results/preprocessed/srad/test/infected/Image_185.npy,1,1,0.991829
results/preprocessed/srad/test/infected/Image_187.npy,1,1,0.999994
results/preprocessed/srad/test/infected/Image_217.npy,1,1,0.999486
results/preprocessed/srad/test/infected/Image_235.npy,1,1,0.998769
results/preprocessed/srad/test/infected/Image_295.npy,1,1,0.993330
results/preprocessed/srad/test/infected/Image_297.npy,1,1,0.998756
results/preprocessed/srad/test/infected/Image_307.npy,1,1,0.999980
results/preprocessed/srad/test/infected/Image_353.npy,1,1,0.989613
results/preprocessed/srad/test/infected/Image_357.npy,1,1,0.999312
results/preprocessed/srad/test/infected/Image_377.npy,1,1,0.998931
results/preprocessed/srad/test/infected/Image_385.npy,1,1,0.980351
results/preprocessed/srad/test/infected/Image_403.npy,1,1,0.999838
results/preprocessed/srad/test/infected/Image_457.npy,1,1,0.999779
results/preprocessed/srad/test/infected/Image_461.npy,1,1,0.997192
results/preprocessed/srad/test/infected/Image_479.npy,1,1,0.998947
results/preprocessed/srad/test/infected/Image_515.npy,1,1,0.998730
results/preprocessed/srad/test/infected/Image_521.npy,1,1,0.999521
results/preprocessed/srad/test/infected/Image_527.npy,1,1,0.996669
results/preprocessed/srad/test/infected/Image_591.npy,1,1,0.997850
results/preprocessed/srad/test/infected/Image_601.npy,1,1,0.999887
results/preprocessed/srad/test/infected/Image_605.npy,1,1,0.999768
results/preprocessed/srad/test/infected/Image_635.npy,1,1,0.998762
results/preprocessed/srad/test/infected/Image_653.npy,1,1,0.995818
results/preprocessed/srad/test/infected/Image_661.npy,1,1,0.999182
results/preprocessed/srad/test/infected/Image_665.npy,1,1,0.999961
results/preprocessed/srad/test/infected/Image_707.npy,1,1,0.999398
results/preprocessed/srad/test/infected/Image_719.npy,1,1,0.998315
results/preprocessed/srad/test/infected/Image_745.npy,1,1,0.999283
results/preprocessed/srad/test/infected/Image_749.npy,1,1,0.999618
results/preprocessed/srad/test/infected/Image_753.npy,1,1,0.999940
results/preprocessed/srad/test/infected/Image_777.npy,1,1,0.999699
results/preprocessed/srad/test/infected/Image_801.npy,1,1,0.999563
results/preprocessed/srad/test/infected/Image_829.npy,1,1,0.999857
results/preprocessed/srad/test/infected/Image_845.npy,1,1,0.834666
results/preprocessed/srad/test/infected/Image_883.npy,1,1,0.999273
results/preprocessed/srad/test/infected/Image_891.npy,1,1,0.906333
results/preprocessed/srad/test/infected/Image_893.npy,1,1,0.999838
results/preprocessed/srad/test/infected/Image_907.npy,1,1,0.999787
results/preprocessed/srad/test/infected/Image_923.npy,1,1,0.993246
results/preprocessed/srad/test/infected/Image_925.npy,1,1,0.999889
results/preprocessed/srad/test/infected/Image_927.npy,1,1,0.999764
results/preprocessed/srad/test/infected/Image_943.npy,1,1,0.999700
results/preprocessed/srad/test/infected/Image_957.npy,1,1,0.999898
results/preprocessed/srad/test/infected/Image_983.npy,1,1,0.999605
results/preprocessed/srad/test/infected/Image_991.npy,1,1,0.998010
results/preprocessed/srad/test/infected/Image_995.npy,1,1,0.999478
results/preprocessed/srad/test/infected/Image_Rotate_007.npy,1,1,0.999852
results/preprocessed/srad/test/infected/Image_Rotate_011.npy,1,1,0.988331
results/preprocessed/srad/test/infected/Image_Rotate_019.npy,1,1,0.999172
results/preprocessed/srad/test/infected/Image_Rotate_021.npy,1,1,0.988435
results/preprocessed/srad/test/infected/Image_Rotate_055.npy,1,1,0.999469
results/preprocessed/srad/test/infected/Image_Rotate_095.npy,1,1,0.994503
results/preprocessed/srad/test/infected/Image_Rotate_101.npy,1,1,0.970407
results/preprocessed/srad/test/infected/Image_Rotate_111.npy,1,1,0.990403
results/preprocessed/srad/test/infected/Image_Rotate_121.npy,1,1,0.999154
results/preprocessed/srad/test/infected/Image_Rotate_133.npy,1,1,0.995950
results/preprocessed/srad/test/infected/Image_Rotate_149.npy,1,1,0.999443
results/preprocessed/srad/test/infected/Image_Rotate_155.npy,1,1,0.997878
results/preprocessed/srad/test/infected/Image_Rotate_185.npy,1,1,0.980611
results/preprocessed/srad/test/infected/Image_Rotate_189.npy,1,1,0.986195
results/preprocessed/srad/test/infected/Image_Rotate_Rotate_Right_013.npy,1,1,0.999430
results/preprocessed/srad/test/infected/Image_Rotate_Rotate_Right_021.npy,1,1,0.997770
results/preprocessed/srad/test/infected/Image_Rotate_Rotate_Right_025.npy,1,1,0.965403
results/preprocessed/srad/test/infected/Image_Rotate_Rotate_Right_035.npy,1,1,0.998534
results/preprocessed/srad/test/infected/Image_Rotate_Rotate_Right_051.npy,1,1,0.999295
results/preprocessed/srad/test/infected/Image_Rotate_Rotate_Right_053.npy,1,1,0.969090
results/preprocessed/srad/test/infected/Image_Rotate_Rotate_Right_059.npy,1,1,0.999667
results/preprocessed/srad/test/infected/Image_Rotate_Rotate_Right_063.npy,1,1,0.989139
results/preprocessed/srad/test/infected/Image_Rotate_Rotate_Right_077.npy,1,1,0.999650
results/preprocessed/srad/test/infected/Image_Rotate_Rotate_Right_187.npy,1,1,0.999073
results/preprocessed/srad/test/infected/Image_Rotate_Rotate_Right_195.npy,1,1,0.870644
results/preprocessed/srad/test/infected/Image_Rotate_Rotate_Right_249.npy,1,1,0.969844
results/preprocessed/srad/test/infected/Image_Rotate_Rotate_Right_257.npy,1,1,0.998171
results/preprocessed/srad/test/infected/Image_Rotate_Rotate_Right_265.npy,1,1,0.999166
results/preprocessed/srad/test/infected/Image_Rotate_Rotate_Right_271.npy,1,1,0.627784
results/preprocessed/srad/test/infected/Image_Rotate_Rotate_Right_285.npy,1,1,0.999481
results/preprocessed/srad/test/infected/Image_Rotate_Rotate_Right_321.npy,1,1,0.999424
results/preprocessed/srad/test/infected/Image_resize_007.npy,1,1,0.984279
results/preprocessed/srad/test/infected/Image_resize_053.npy,1,1,0.999645
results/preprocessed/srad/test/infected/Image_resize_055.npy,1,1,0.994350
results/preprocessed/srad/test/infected/Image_resize_091.npy,1,1,0.999024
results/preprocessed/srad/test/infected/Image_resize_099.npy,1,1,0.975734
results/preprocessed/srad/test/infected/Image_resize_123.npy,1,1,0.999978
results/preprocessed/srad/test/infected/Image_resize_129.npy,1,1,0.998986
results/preprocessed/srad/test/infected/Image_resize_145.npy,1,1,0.999733
results/preprocessed/srad/test/infected/Image_resize_149.npy,1,1,0.999636
results/preprocessed/srad/test/infected/Image_resize_167.npy,1,1,0.997671
results/preprocessed/srad/test/infected/Image_resize_173.npy,1,1,0.996829
results/preprocessed/srad/test/infected/image10000.npy,1,1,0.997252
results/preprocessed/srad/test/infected/image10044.npy,1,1,0.974409
results/preprocessed/srad/test/infected/image10092.npy,1,1,0.986222
results/preprocessed/srad/test/infected/image10098.npy,1,1,0.989896
results/preprocessed/srad/test/infected/image10102.npy,1,1,0.999014
results/preprocessed/srad/test/infected/image10109.npy,1,1,0.993509
results/preprocessed/srad/test/infected/image10127.npy,1,1,0.943827
results/preprocessed/srad/test/infected/image10141.npy,1,1,0.996012
results/preprocessed/srad/test/infected/image10148.npy,1,1,0.997740
results/preprocessed/srad/test/infected/image10150.npy,1,1,0.999002
results/preprocessed/srad/test/infected/image10156.npy,1,1,0.999512
results/preprocessed/srad/test/infected/image10161.npy,1,1,0.986896
results/preprocessed/srad/test/infected/image10183.npy,1,1,0.994460
results/preprocessed/srad/test/infected/image10199.npy,1,1,0.933240
results/preprocessed/srad/test/infected/image10225.npy,1,1,0.998739
results/preprocessed/srad/test/infected/image10228.npy,1,1,0.977782
results/preprocessed/srad/test/infected/image10240.npy,1,1,0.997813
results/preprocessed/srad/test/infected/image10247.npy,1,1,0.991083
results/preprocessed/srad/test/infected/image10249.npy,1,1,0.999300
results/preprocessed/srad/test/infected/image10263.npy,1,1,0.925879
results/preprocessed/srad/test/infected/image10270.npy,1,1,0.997230
results/preprocessed/srad/test/infected/image10278.npy,1,1,0.960603
results/preprocessed/srad/test/infected/image10296.npy,1,1,0.999436
results/preprocessed/srad/test/infected/image10306.npy,1,1,0.894167
results/preprocessed/srad/test/infected/image10314.npy,1,1,0.652934
results/preprocessed/srad/test/infected/image10336.npy,1,1,0.991105
results/preprocessed/srad/test/infected/image10338.npy,1,1,0.999688
results/preprocessed/srad/test/infected/image10348.npy,1,1,0.975548
results/preprocessed/srad/test/infected/image10349.npy,1,1,0.995778
results/preprocessed/srad/test/infected/image10350.npy,1,1,0.999928
results/preprocessed/srad/test/infected/image10383.npy,1,1,0.999788
results/preprocessed/srad/test/infected/image10418.npy,1,1,0.999752
results/preprocessed/srad/test/infected/image10439.npy,1,1,0.996120
results/preprocessed/srad/test/infected/image10445.npy,1,1,0.546158
results/preprocessed/srad/test/infected/image10452.npy,1,1,0.999094
results/preprocessed/srad/test/infected/image10471.npy,1,1,0.576587
results/preprocessed/srad/test/infected/image10497.npy,1,1,0.996175
results/preprocessed/srad/test/infected/image10501.npy,1,1,0.994826
results/preprocessed/srad/test/infected/image10507.npy,1,1,0.909193
results/preprocessed/srad/test/infected/image10526.npy,1,1,0.992779
results/preprocessed/srad/test/infected/image10543.npy,1,0,0.359020
results/preprocessed/srad/test/infected/image10544.npy,1,1,0.985979
results/preprocessed/srad/test/infected/image10547.npy,1,1,0.996944
results/preprocessed/srad/test/infected/image10571.npy,1,1,0.535587
results/preprocessed/srad/test/infected/image10575.npy,1,1,0.934244
results/preprocessed/srad/test/infected/image10609.npy,1,1,0.979525
results/preprocessed/srad/test/infected/image10617.npy,1,1,0.960519
results/preprocessed/srad/test/infected/image10638.npy,1,1,0.997598
results/preprocessed/srad/test/infected/image10651.npy,1,1,0.953997
results/preprocessed/srad/test/infected/image10653.npy,1,1,0.992521
results/preprocessed/srad/test/infected/image10655.npy,1,0,0.179635
results/preprocessed/srad/test/infected/image10671.npy,1,1,0.999693
results/preprocessed/srad/test/infected/image10674.npy,1,1,0.999008
results/preprocessed/srad/test/infected/image10687.npy,1,1,0.916907
results/preprocessed/srad/test/infected/image10688.npy,1,1,0.999276
results/preprocessed/srad/test/infected/image10690.npy,1,1,0.998113
results/preprocessed/srad/test/infected/image10704.npy,1,1,0.621537
results/preprocessed/srad/test/infected/image10726.npy,1,1,0.999769
results/preprocessed/srad/test/infected/image10743.npy,1,1,0.924609
results/preprocessed/srad/test/infected/image10745.npy,1,1,0.629410
results/preprocessed/srad/test/infected/image10766.npy,1,1,0.958260
results/preprocessed/srad/test/infected/image10769.npy,1,0,0.424170
results/preprocessed/srad/test/infected/image10785.npy,1,1,0.882039
results/preprocessed/srad/test/infected/image10794.npy,1,1,0.966919
results/preprocessed/srad/test/infected/image10816.npy,1,1,0.990692
results/preprocessed/srad/test/infected/image10827.npy,1,1,0.997128
results/preprocessed/srad/test/infected/image10840.npy,1,1,0.981852
results/preprocessed/srad/test/infected/image10871.npy,1,1,0.839889
results/preprocessed/srad/test/infected/image10873.npy,1,1,0.697147
results/preprocessed/srad/test/infected/image10877.npy,1,1,0.999247
results/preprocessed/srad/test/infected/image10879.npy,1,1,0.996981
results/preprocessed/srad/test/infected/image10901.npy,1,1,0.965792
results/preprocessed/srad/test/infected/image10902.npy,1,1,0.999132
results/preprocessed/srad/test/infected/image10905.npy,1,1,0.997960
results/preprocessed/srad/test/infected/image10921.npy,1,1,0.997634
results/preprocessed/srad/test/infected/image10930.npy,1,1,0.919247
results/preprocessed/srad/test/infected/image10937.npy,1,1,0.999527
results/preprocessed/srad/test/infected/image10939.npy,1,1,0.998685
results/preprocessed/srad/test/infected/image11143.npy,1,1,0.882057
results/preprocessed/srad/test/infected/image11144.npy,1,1,0.992662
results/preprocessed/srad/test/infected/image11160.npy,1,1,0.776598
results/preprocessed/srad/test/infected/image11167.npy,1,1,0.999121
results/preprocessed/srad/test/infected/image11172.npy,1,1,0.997791
results/preprocessed/srad/test/infected/image11197.npy,1,1,0.998520
results/preprocessed/srad/test/infected/image11240.npy,1,1,0.995452
results/preprocessed/srad/test/infected/image11253.npy,1,1,0.999209
results/preprocessed/srad/test/infected/image11255.npy,1,1,0.997961
results/preprocessed/srad/test/infected/image11258.npy,1,1,0.918333
results/preprocessed/srad/test/infected/image11284.npy,1,1,0.993157
results/preprocessed/srad/test/infected/image11286.npy,1,1,0.997785
results/preprocessed/srad/test/infected/image11290.npy,1,1,0.999814
results/preprocessed/srad/test/infected/image11297.npy,1,1,0.998997
results/preprocessed/srad/test/infected/image11316.npy,1,1,0.862159
results/preprocessed/srad/test/infected/image11320.npy,1,1,0.991046
results/preprocessed/srad/test/infected/image11354.npy,1,1,0.796656
results/preprocessed/srad/test/infected/image11359.npy,1,1,0.988724
results/preprocessed/srad/test/infected/image11369.npy,1,1,0.993795
results/preprocessed/srad/test/infected/image11398.npy,1,1,0.991486
results/preprocessed/srad/test/infected/image11401.npy,1,1,0.987038
results/preprocessed/srad/test/infected/image11431.npy,1,1,0.998549
results/preprocessed/srad/test/infected/image11432.npy,1,1,0.968006
results/preprocessed/srad/test/infected/image11433.npy,1,1,0.988349
results/preprocessed/srad/test/infected/image11447.npy,1,1,0.997538
results/preprocessed/srad/test/infected/image11457.npy,1,1,0.841482
results/preprocessed/srad/test/infected/image11458.npy,1,1,0.993611
results/preprocessed/srad/test/infected/image11464.npy,1,1,0.947883
results/preprocessed/srad/test/infected/image11467.npy,1,1,0.998181
results/preprocessed/srad/test/infected/image11474.npy,1,1,0.996855
results/preprocessed/srad/test/infected/image11482.npy,1,1,0.980442
results/preprocessed/srad/test/infected/image11486.npy,1,1,0.996317
results/preprocessed/srad/test/infected/image11501.npy,1,1,0.998818
results/preprocessed/srad/test/infected/image11502.npy,1,1,0.992614
results/preprocessed/srad/test/infected/image11506.npy,1,1,0.995688
results/preprocessed/srad/test/infected/image11520.npy,1,1,0.986709
results/preprocessed/srad/test/infected/image11530.npy,1,1,0.999346
results/preprocessed/srad/test/infected/image11558.npy,1,1,0.998894
results/preprocessed/srad/test/infected/image11581.npy,1,1,0.999584
results/preprocessed/srad/test/infected/image11603.npy,1,1,0.999898
results/preprocessed/srad/test/infected/image11606.npy,1,1,0.999904
results/preprocessed/srad/test/infected/image11613.npy,1,1,0.997773
results/preprocessed/srad/test/infected/image11624.npy,1,1,0.999825
results/preprocessed/srad/test/infected/image11626.npy,1,1,0.998969
results/preprocessed/srad/test/infected/image11648.npy,1,1,0.999883
results/preprocessed/srad/test/infected/image11673.npy,1,1,0.999047
results/preprocessed/srad/test/infected/image11701.npy,1,1,0.985411
results/preprocessed/srad/test/infected/image11710.npy,1,1,0.998792
results/preprocessed/srad/test/infected/image11712.npy,1,1,0.999990
results/preprocessed/srad/test/infected/image11730.npy,1,1,0.999055
results/preprocessed/srad/test/infected/image11734.npy,1,1,0.999766
results/preprocessed/srad/test/infected/image11737.npy,1,1,0.998135
results/preprocessed/srad/test/infected/image11745.npy,1,1,0.992109
results/preprocessed/srad/test/infected/image11747.npy,1,1,0.999711
results/preprocessed/srad/test/infected/image11752.npy,1,1,0.970901
results/preprocessed/srad/test/infected/image11779.npy,1,1,0.999915
results/preprocessed/srad/test/infected/image11781.npy,1,1,0.998187
results/preprocessed/srad/test/infected/image11794.npy,1,1,0.999884
results/preprocessed/srad/test/infected/image11802.npy,1,1,0.999426
results/preprocessed/srad/test/infected/image11805.npy,1,1,0.962722
results/preprocessed/srad/test/infected/image11814.npy,1,1,0.999992
results/preprocessed/srad/test/infected/image11827.npy,1,1,0.998779
results/preprocessed/srad/test/infected/image11833.npy,1,1,0.997656
results/preprocessed/srad/test/infected/image11846.npy,1,1,0.999817
results/preprocessed/srad/test/infected/image11847.npy,1,1,0.999881
results/preprocessed/srad/test/infected/image11862.npy,1,1,0.998337
results/preprocessed/srad/test/infected/image11878.npy,1,1,0.999974
results/preprocessed/srad/test/infected/image11879.npy,1,1,0.999705
results/preprocessed/srad/test/infected/image11880.npy,1,1,0.950125
results/preprocessed/srad/test/infected/image11893.npy,1,1,0.999795
results/preprocessed/srad/test/infected/image11894.npy,1,1,0.999659
results/preprocessed/srad/test/infected/image11907.npy,1,1,0.999748
results/preprocessed/srad/test/infected/image11914.npy,1,1,0.999978
results/preprocessed/srad/test/infected/image11917.npy,1,1,0.999808
results/preprocessed/srad/test/infected/image11942.npy,1,1,0.991413
results/preprocessed/srad/test/infected/image11948.npy,1,1,0.996216
results/preprocessed/srad/test/infected/image11960.npy,1,1,0.999814
results/preprocessed/srad/test/infected/image11963.npy,1,1,0.997463
results/preprocessed/srad/test/infected/image11964.npy,1,1,0.998363
results/preprocessed/srad/test/infected/image11976.npy,1,1,0.998103
results/preprocessed/srad/test/infected/image11982.npy,1,1,0.999896
results/preprocessed/srad/test/infected/image11986.npy,1,1,0.999959
results/preprocessed/srad/test/infected/image11993.npy,1,1,0.999871
results/preprocessed/srad/test/infected/image11996.npy,1,1,0.999238
results/preprocessed/srad/test/infected/image12012.npy,1,1,0.999853
results/preprocessed/srad/test/infected/image12014.npy,1,1,0.998842
results/preprocessed/srad/test/infected/image12019.npy,1,1,0.996388
results/preprocessed/srad/test/infected/image12030.npy,1,1,0.999170
results/preprocessed/srad/test/infected/image12051.npy,1,1,0.999951
results/preprocessed/srad/test/infected/image12079.npy,1,1,0.999637
results/preprocessed/srad/test/infected/image12094.npy,1,1,0.999548
results/preprocessed/srad/test/infected/image12106.npy,1,1,0.999698
results/preprocessed/srad/test/infected/image12110.npy,1,1,0.999885
results/preprocessed/srad/test/infected/image12111.npy,1,1,0.997565
results/preprocessed/srad/test/infected/image12134.npy,1,1,0.999894
results/preprocessed/srad/test/infected/image12140.npy,1,1,0.982342
results/preprocessed/srad/test/infected/image12142.npy,1,1,0.999762
results/preprocessed/srad/test/infected/image12180.npy,1,1,0.999608
results/preprocessed/srad/test/infected/image12181.npy,1,1,0.999962
results/preprocessed/srad/test/infected/image12222.npy,1,1,0.999618
results/preprocessed/srad/test/infected/image12256.npy,1,1,0.999343
results/preprocessed/srad/test/infected/image12291.npy,1,1,0.953550
results/preprocessed/srad/test/infected/image12318.npy,1,1,0.992644
results/preprocessed/srad/test/infected/image12371.npy,1,1,0.705609
results/preprocessed/srad/test/infected/image12464.npy,1,1,0.997959
results/preprocessed/srad/test/infected/image12535.npy,1,1,0.999398
results/preprocessed/srad/test/infected/image12537.npy,1,1,0.946114
results/preprocessed/srad/test/infected/image12539.npy,1,1,0.916889
results/preprocessed/srad/test/infected/image12550.npy,1,1,0.991296
results/preprocessed/srad/test/infected/image12555.npy,1,1,0.855777
results/preprocessed/srad/test/infected/image12567.npy,1,1,0.958256
results/preprocessed/srad/test/infected/image12577.npy,1,1,0.997843
results/preprocessed/srad/test/infected/image12591.npy,1,1,0.977199
results/preprocessed/srad/test/infected/image12604.npy,1,1,0.992858
results/preprocessed/srad/test/infected/image12612.npy,1,1,0.998194
results/preprocessed/srad/test/infected/image12632.npy,1,1,0.923328
results/preprocessed/srad/test/infected/image12645.npy,1,1,0.999643
results/preprocessed/srad/test/infected/image12669.npy,1,1,0.989072
results/preprocessed/srad/test/infected/image12725.npy,1,1,0.996396
results/preprocessed/srad/test/infected/image12728.npy,1,1,0.996515
results/preprocessed/srad/test/infected/image12735.npy,1,1,0.801293
results/preprocessed/srad/test/infected/image12737.npy,1,1,0.995037
results/preprocessed/srad/test/infected/image12742.npy,1,1,0.999784
results/preprocessed/srad/test/infected/image12776.npy,1,1,0.884368
results/preprocessed/srad/test/infected/image12784.npy,1,1,0.977440
results/preprocessed/srad/test/infected/image12798.npy,1,1,0.976125
results/preprocessed/srad/test/infected/image12807.npy,1,1,0.985218
results/preprocessed/srad/test/infected/image12810.npy,1,1,0.607958
results/preprocessed/srad/test/infected/image12853.npy,1,1,0.981974
results/preprocessed/srad/test/infected/image12882.npy,1,1,0.999589
results/preprocessed/srad/test/infected/image12898.npy,1,1,0.999728
results/preprocessed/srad/test/infected/image12926.npy,1,1,0.980997
results/preprocessed/srad/test/infected/image12950.npy,1,1,0.815960
results/preprocessed/srad/test/infected/image13014.npy,1,1,0.771733
results/preprocessed/srad/test/infected/image13059.npy,1,1,0.995191
results/preprocessed/srad/test/infected/image13068.npy,1,1,0.999823
results/preprocessed/srad/test/infected/image13083.npy,1,1,0.844824
results/preprocessed/srad/test/infected/image13091.npy,1,1,0.999435
results/preprocessed/srad/test/infected/image13094.npy,1,0,0.399800
results/preprocessed/srad/test/infected/image13096.npy,1,1,0.976625
results/preprocessed/srad/test/infected/image13106.npy,1,1,0.997244
results/preprocessed/srad/test/infected/image13112.npy,1,1,0.982676
results/preprocessed/srad/test/infected/image13122.npy,1,1,0.931733
results/preprocessed/srad/test/infected/image13138.npy,1,1,0.989687
results/preprocessed/srad/test/infected/image13143.npy,1,1,0.999739
results/preprocessed/srad/test/infected/image13161.npy,1,1,0.899369
results/preprocessed/srad/test/infected/image13197.npy,1,1,0.998105
