sample_id,true_label,predicted_label,correct,entropy_nats,split_group
771,0,0,True,0.0,confident_correct
102,0,0,True,0.0,confident_correct
235,0,0,True,0.0,confident_correct
383,0,0,True,0.0,confident_correct
408,0,0,True,0.0001,confident_correct
1383,0,1,False,0.1536,overconfident_error
981,0,1,False,0.1534,overconfident_error
963,0,1,False,0.1531,overconfident_error
1148,0,1,False,0.153,overconfident_error
124,0,1,False,0.1524,overconfident_error
685,0,0,True,0.6931,uncertain_correct
1070,0,0,True,0.6931,uncertain_correct
1144,0,0,True,0.6931,uncertain_correct
262,0,0,True,0.6931,uncertain_correct
230,1,1,True,0.693,uncertain_correct
1403,0,1,False,0.6931,uncertain_wrong
1111,0,1,False,0.693,uncertain_wrong
232,1,0,False,0.6927,uncertain_wrong
1124,0,1,False,0.6926,uncertain_wrong
1031,0,1,False,0.6925,uncertain_wrong
